TANGGAL,TN,TX,TAVG,RH_AVG,RR,SS,FF_X,DDD_X,FF_AVG,DDD_CAR
01-01-2020,24,29.6,26.3,88,23.5,3.4,6,280,2,C 
02-01-2020,24.2,32.8,28.5,82,12.4,0,9,280,3,W 
03-01-2020,25.8,32,28.2,82,0,8.3,12,300,5,NW
04-01-2020,26.2,31.6,28.3,82,0.4,5.8,8,300,5,W 
05-01-2020,26.4,32.6,27.7,84,0.1,2.1,14,270,4,NW
06-01-2020,23.6,32.8,26.8,89,64.5,1.9,9,320,3,NW
07-01-2020,24.2,32.2,28.2,83,59.3,5.1,11,310,4,W 
08-01-2020,25.2,31,27.8,86,31,5.9,11,300,4,W 
09-01-2020,26,31.6,28.6,82,0,4.8,5,140,2,NW
10-01-2020,25.8,31.2,27.3,86,0.4,5.2,10,240,2,W 
11-01-2020,25.4,31.8,27.9,82,9,5,10,300,3,NW
12-01-2020,25.4,32.4,28.3,79,0.1,1.8,8,320,4,NW
13-01-2020,26,32.4,28.8,80,0,3.5,10,300,4,NW
14-01-2020,26.4,33.4,29.2,80,0,2.4,11,300,3,NW
15-01-2020,25.8,31.8,28.5,84,0,9.6,6,130,2,C 
16-01-2020,26.2,33.6,29.8,78,0,9.9,6,150,2,C 
17-01-2020,26,33.4,29.7,78,0,10.9,6,270,1,C 
18-01-2020,25.6,32.4,28.1,87,0,7.7,5,30,1,C 
19-01-2020,25.8,32,28.3,88,10,7.7,4,210,1,C 
20-01-2020,25.4,30.8,27.4,91,5.2,5,9,320,1,C 
21-01-2020,25.6,33.4,28.8,83,7.6,4.4,10,300,2,C 
22-01-2020,26,31.4,28.2,86,0.6,8.1,8,90,2,C 
23-01-2020,26.4,31.6,28,84,15.4,6.1,4,110,1,C 
24-01-2020,26,32.6,29.1,84,0,1.1,5,300,1,C 
25-01-2020,26.4,33.2,29.5,79,0,10.3,4,270,1,NW
26-01-2020,27,34,30,79,3.2,8.9,4,150,1,C 
27-01-2020,25.6,32.4,29.1,82,3.2,9.6,3,150,1,C 
28-01-2020,25.4,33.2,29,84,29,5.7,9,310,2,C 
29-01-2020,25.8,33.4,29,83,3.5,8.6,5,150,2,NW
30-01-2020,26.4,34.4,28,86,0,9.8,19,300,4,NW
31-01-2020,24.2,32,26.8,91,46.8,5,7,300,2,NW
01-02-2020,25.2,31.6,27.4,90,62.4,3.4,6,330,2,C 
02-02-2020,24.4,32,28.1,86,19.2,6,7,280,2,C 
03-02-2020,25.4,31.8,27,90,1.1,3.7,9,300,2,NW
04-02-2020,25.4,32.4,28.2,86,10.8,6.3,5,120,1,C 
05-02-2020,25.2,33.2,28.8,83,0,8.7,5,320,2,NW
06-02-2020,26,32,28.9,81,0,8.5,6,240,2,W 
07-02-2020,26,32.8,28.7,82,0.4,4.9,13,280,5,W 
08-02-2020,23.3,32.8,28.1,82,13.5,4.2,12,310,4,W 
09-02-2020,23.4,31.8,28.6,80,8888,5,10,230,2,C 
10-02-2020,24.2,32,26.4,94,41.5,0.2,7,300,1,C 
11-02-2020,25,31.8,27.6,87,33.6,2.7,6,300,1,C 
12-02-2020,25,30.6,28.3,82,8888,3.1,8,140,1,C 
13-02-2020,25.8,31.6,28,85,14.5,3.5,6,300,2,C 
14-02-2020,26.6,31.6,29,84,8888,7.2,5,300,2,C 
15-02-2020,26,31,27.6,90,6.5,4.8,12,280,2,NW
16-02-2020,25,30.4,26.8,93,28.3,4.5,12,20,2,NW
17-02-2020,25.4,30.4,26.4,91,30,0.1,7,120,2,NW
18-02-2020,25,30.2,26.1,91,76,0.1,6,270,2,C 
19-02-2020,25,31.2,27.5,86,1.4,2.6,11,290,4,NW
20-02-2020,25,30.6,27.4,84,17.8,3.3,15,290,4,W 
21-02-2020,25.4,31.6,28.5,82,0,4.8,11,230,3,C 
22-02-2020,24.8,30.6,26.6,91,3,4.9,6,160,1,C 
23-02-2020,25,30.8,26.8,92,5.3,1.7,5,280,2,NW
24-02-2020,25,32.4,27.7,86,34.5,3.9,6,300,2,NW
25-02-2020,25,31.6,27.1,91,2.5,2,8,160,2,C 
26-02-2020,24.8,31.4,28,86,25.3,5.1,11,290,3,C 
27-02-2020,26.2,31.2,28,87,0,3.8,11,180,3,W 
28-02-2020,25.6,31.4,28.3,85,2.2,6.8,8,290,2,W 
29-02-2020,26,33,28.4,85,8888,6.4,9,290,3,W 
01-03-2020,26,29.8,27,91,0,3.8,12,290,2,C 
02-03-2020,25.6,31.6,28.2,85,1,0,8,320,2,C 
03-03-2020,25.8,32.6,28.4,87,1.3,5.1,4,290,1,C 
04-03-2020,26.4,31.6,28.6,85,7.5,7.2,6,300,2,C 
05-03-2020,26.2,31.8,28.3,85,0.5,5.5,9,290,2,W 
06-03-2020,25.8,31.8,27.9,86,8888,0.9,7,290,2,C 
07-03-2020,25.2,30.4,26.9,92,8888,1,12,210,2,C 
08-03-2020,24.2,31.2,27.1,89,89.5,4.2,8,330,2,C 
09-03-2020,25,30.6,27.2,90,8888,4.8,12,290,2,C 
10-03-2020,24.6,32,28.1,86,34,4.9,4,160,1,C 
11-03-2020,25.4,32.8,28.9,83,0,5.7,7,280,1,C 
12-03-2020,25.6,32,28.5,86,0,9,8,330,1,C 
13-03-2020,25.8,32,27.3,89,8888,8,10,310,1,C 
14-03-2020,25.2,32.6,28.1,86,8.9,5.3,6,20,1,C 
15-03-2020,25.6,33.4,28.7,85,0.8,4,5,310,1,C 
16-03-2020,26.4,33,29.3,82,1,5.5,9,80,2,C 
17-03-2020,25.6,33.3,28.9,83,1.6,9.3,8,60,2,C 
18-03-2020,25.8,31.2,28.3,88,1,8.1,12,360,2,C 
19-03-2020,25,33,28.8,81,24.5,1,7,100,2,C 
20-03-2020,25.4,32.6,28.7,83,1,9.2,8,120,2,C 
21-03-2020,24.8,32.4,27.9,87,8.6,8.2,3,340,1,C 
22-03-2020,25.4,30.4,27.5,90,1,5.9,5,60,1,C 
23-03-2020,25,31.6,27.4,87,0.3,1.5,5,110,2,C 
24-03-2020,24.6,31.6,27.3,89,8888,7.1,9,340,2,C 
25-03-2020,25,33,28.8,83,12.5,5.7,12,140,2,C 
26-03-2020,25.6,33.6,29.2,80,1.4,10,7,130,2,C 
27-03-2020,26.2,32.4,29.1,86,0,10.2,8,280,1,C 
28-03-2020,26.4,33,29.1,83,5.2,6.2,7,300,1,C 
29-03-2020,26.6,32.2,29,86,5.2,6,6,320,2,NW
30-03-2020,26.6,33,29.3,83,0,4.2,6,90,1,C 
31-03-2020,26,32,28.4,89,0,9.2,6,320,1,C 
01-04-2020,25.4,30.2,28,89,24.8,3.2,5,20,1,C 
02-04-2020,25.6,32.8,28.7,84,2.7,1.3,6,100,1,C 
03-04-2020,26,33.4,28.8,84,0.5,8.3,5,320,2,S 
04-04-2020,26.4,32,27.9,88,8888,7.7,5,180,1,C 
05-04-2020,25,32.2,27.8,90,15.3,2.1,6,210,1,C 
06-04-2020,25.6,30.4,27.5,90,8888,4.1,9,330,2,NW
07-04-2020,25.2,31.6,28.1,88,1.5,1.1,5,130,1,C 
08-04-2020,25.4,31.4,27.2,88,8888,1.8,6,330,1,C 
09-04-2020,25.4,32,28.7,83,8888,5.1,10,180,2,C 
10-04-2020,25.6,33,29.3,82,1.5,10.3,9,320,2,E 
11-04-2020,25,31.8,28.4,84,13,8.6,5,160,2,S 
12-04-2020,25,31.4,27.4,85,45.6,4,4,150,1,C 
13-04-2020,24.8,32,27.9,85,8888,6.8,6,90,1,C 
14-04-2020,26,31.2,28,86,18,7.6,11,90,2,C 
15-04-2020,25.4,32.4,28.6,88,5,5.1,5,90,1,C 
16-04-2020,25.6,31.8,28.5,87,3.8,5.7,10,150,1,C 
17-04-2020,26.2,33.2,28.9,86,3.5,6,5,120,1,C 
18-04-2020,25.8,31.2,27.7,90,3.5,6.2,11,60,1,C 
19-04-2020,25.6,32.4,28.8,86,17.6,4.5,7,250,2,C 
20-04-2020,25.6,32.2,28.8,85,22.8,6,5,140,1,C 
21-04-2020,26,33.4,29.5,82,8888,8.8,8,160,3,E 
22-04-2020,27.4,33.8,30.3,79,0,9.8,11,100,4,E 
23-04-2020,27.8,33.6,30.6,78,2.5,9,16,100,4,E 
24-04-2020,26.8,32.6,29.4,80,3,9.2,5,120,2,E 
25-04-2020,25.8,30.6,27.6,90,1.2,5.9,10,120,1,C 
26-04-2020,25,32.8,28.9,85,11.9,0.5,8,110,3,E 
27-04-2020,26.2,33.2,29.9,75,0,10.2,8,100,2,E 
28-04-2020,26,32.6,29.4,80,0,10.2,8,90,2,C 
29-04-2020,25.4,34,28.7,82,0,6.3,6,90,3,E 
30-04-2020,25.8,31.4,28.3,81,7.7,7.7,11,100,2,C 
01-05-2020,24.4,32.2,28.6,84,6,3.3,7,90,3,E 
02-05-2020,28,32,29.5,81,6,7,7,150,2,C 
03-05-2020,25.8,32.2,29.3,81,0,9.5,6,110,2,E 
04-05-2020,26,32.8,29.7,81,0,3.8,8,80,2,E 
05-05-2020,27,33,29.7,82,0,9.8,8,80,3,E 
06-05-2020,27.2,32,29.8,80,0,9.1,7,120,2,E 
07-05-2020,25.8,33.6,29.9,79,0,9.9,8,140,3,E 
08-05-2020,27.6,33.6,29.9,82,0,9.6,10,120,3,E 
09-05-2020,26,33,29.1,86,10.2,8,8,90,3,E 
10-05-2020,25,33,29.7,80,8888,5.6,9,90,4,E 
11-05-2020,27.6,32.8,30,78,0,9.2,7,100,4,E 
12-05-2020,27.8,33,29.9,77,0,8.7,6,140,3,E 
13-05-2020,26.6,33,29.7,76,8888,6.9,9,80,3,E 
14-05-2020,25.8,31.6,28,82,8888,10.4,7,110,4,SE
15-05-2020,26.2,32.8,29.7,76,8888,6,8,120,4,E 
16-05-2020,27.2,33,30.2,77,0,9.2,9,130,4,E 
17-05-2020,27.2,33,29.4,81,0,10.1,8,110,3,E 
18-05-2020,26.6,30.8,27.8,90,0,9.1,5,130,1,C 
19-05-2020,24.8,33,27.7,86,43.6,0.3,5,120,2,E 
20-05-2020,27,31.4,28.7,84,8888,6.6,11,100,2,C 
21-05-2020,26.6,32.8,26.9,94,3,7.7,10,300,1,C 
23-05-2020,26.6,32.8,29.2,85,0,4,5,330,1,C 
24-05-2020,25.8,32.4,28.9,84,0,9.3,4,160,1,C 
25-05-2020,25.8,32.2,29,86,0,7.7,4,120,1,C 
26-05-2020,26,33.2,28.8,88,0,9,4,150,1,C 
27-05-2020,25.6,33,28.5,86,0,8.5,8,120,2,C 
28-05-2020,26.4,29.4,26.7,94,33.5,6.3,11,150,2,C 
29-05-2020,25.2,30.6,28.1,88,15.7,0,6,150,3,E 
30-05-2020,26.8,32.8,29.6,82,8888,1.5,8,110,3,E 
31-05-2020,26.6,31.2,28.9,86,16.6,9.7,12,90,3,E 
01-06-2020,27,30.6,28.5,84,10.1,2.3,14,100,2,E 
02-06-2020,26.4,32,29.1,76,0,3.5,9,90,5,E 
03-06-2020,27.6,32.6,29.3,75,0,6.5,8,110,4,E 
04-06-2020,26.6,32,28.9,74,0,10.1,10,110,4,E 
05-06-2020,26,32.2,28.7,79,0,10,9,130,2,E 
06-06-2020,25.2,31.2,28.1,82,0,10,6,130,1,C 
07-06-2020,25,31,28,80,0,8,5,160,2,E 
08-06-2020,26,31.8,28.5,76,0,8.9,8,100,2,E 
09-06-2020,25.6,31,28.2,74,0,9.8,9,120,3,E 
10-06-2020,24.2,31.6,28.7,71,0,10,8,110,2,C 
11-06-2020,23.4,31,26.7,85,0,10,6,140,1,C 
12-06-2020,24.2,31.6,28,82,0,9.5,6,120,3,E 
13-06-2020,24.8,31.7,28.2,80,0,10,12,80,4,E 
14-06-2020,25.6,31.4,28.3,86,0.7,9,7,90,3,E 
15-06-2020,27.2,32,29.6,79,1,2.5,6,80,3,E 
16-06-2020,27.2,32.2,28.7,78,1,8.3,8,120,3,E 
17-06-2020,25.2,32.4,28.4,80,0,8.1,5,120,2,E 
18-06-2020,26.2,32.4,29.1,78,0,5.2,9,100,4,E 
19-06-2020,27.4,32,29.2,74,0,9,8,130,4,E 
20-06-2020,25.8,32.2,29.2,70,0,10,8,130,4,E 
21-06-2020,26.6,32,29.1,74,0,10.1,7,130,3,E 
22-06-2020,26,31,28.7,76,0,5.8,6,120,4,SE
23-06-2020,26.2,31.6,28.9,72,0,9.6,10,110,4,E 
24-06-2020,26.6,31,28.5,72,0,10,8,110,3,E 
25-06-2020,24.4,30.8,27.7,74,0,8.9,8,110,3,E 
26-06-2020,24,32.4,27,80,0,10,6,130,2,E 
27-06-2020,24,31.4,27.3,78,0,10.1,6,120,2,C 
28-06-2020,24.6,31.4,27.8,78,0,10,6,140,2,E 
29-06-2020,25.4,31.8,28.2,78,0,8.9,8,120,4,E 
30-06-2020,25.6,30,28.3,72,0,9.1,8,140,4,SE
01-07-2020,26.2,31.6,28.7,74,0,8.1,9,90,4,E 
02-07-2020,25.8,32,28.9,73,0,8,9,120,4,E 
03-07-2020,25.6,31.4,28.7,69,0,9.9,9,90,4,E 
04-07-2020,25,31,27.8,73,0,10,9,120,4,E 
05-07-2020,25.6,32,28.6,76,0,9.8,7,100,4,E 
06-07-2020,26.6,30,27.2,86,1.5,6.3,12,70,2,E 
07-07-2020,24.2,31.2,28.4,74,42.3,0,10,100,4,E 
08-07-2020,25.4,31.8,28.5,72,0,8.8,8,130,4,SE
09-07-2020,26.6,31.4,28.5,74,0,10,10,120,4,E 
10-07-2020,25.6,32.2,28.5,73,0,9.4,9,110,4,E 
11-07-2020,26.4,31,28.7,69,0,9,5,130,2,E 
12-07-2020,25.6,31.4,28.6,76,0,10.1,8,70,3,E 
13-07-2020,25.6,29.8,27.8,80,0,8,6,150,3,E 
14-07-2020,26.4,31.8,28.7,77,0,9.5,9,90,4,E 
15-07-2020,26.8,31.4,28.6,79,8888,8.2,9,100,4,E 
16-07-2020,26,32,29,74,1.5,6,8,120,3,E 
17-07-2020,24.4,31.1,27.3,84,0,9,9,100,4,E 
18-07-2020,24.4,31.8,28.8,73,0,9.5,4,180,2,E 
19-07-2020,24.4,32.2,29.5,70,0,10.2,6,120,3,E 
20-07-2020,26.6,32.4,28.9,76,0,8,10,100,4,E 
21-07-2020,26.8,31.8,28.8,76,0,8.6,10,90,4,E 
22-07-2020,26,32,28.8,74,0,10.1,10,80,4,E 
23-07-2020,25.6,32,28.5,72,0,9.5,10,140,4,E 
24-07-2020,25.6,30.8,27.7,68,0,10.3,10,100,4,E 
25-07-2020,25,30.2,27.4,62,0,10.1,8,120,4,SE
26-07-2020,25,30.8,27.5,66,0,10,8,130,4,E 
27-07-2020,24.8,31.2,28,69,0,9.6,9,140,5,E 
28-07-2020,26,31.6,28.5,67,0,9.4,9,140,5,SE
29-07-2020,25.4,29.8,27.2,66,0,10.2,7,130,3,SE
30-07-2020,20.6,31.2,25.6,72,0,9.5,6,140,2,E 
31-07-2020,22.2,31,27.1,74,0,10,4,130,1,C 
01-08-2020,23.6,31.2,26.9,77,0,10.8,9,90,4,E 
02-08-2020,25,30.4,27.7,69,0,10,8,120,3,E 
03-08-2020,25.8,30.4,27.7,76,0,10,6,150,3,E 
04-08-2020,26.3,31.6,28.3,76,0,8.5,8,100,3,E 
05-08-2020,24,31.2,28,76,0,3.3,6,130,2,C 
06-08-2020,24.6,31.2,27.7,74,0,8.6,10,100,4,E 
07-08-2020,25.6,31.4,28.3,70,0,8.7,7,160,4,E 
08-08-2020,25.6,31.6,27.7,78,0,9.8,9,110,4,E 
09-08-2020,25,31.8,28.4,76,0,9.1,9,100,4,E 
10-08-2020,25.8,32.2,29.1,77,0,9.7,9,60,5,E 
11-08-2020,27,32.2,29.2,78,0,8.6,9,110,4,E 
12-08-2020,25,32,28.7,78,8.8,6.5,7,80,3,E 
13-08-2020,26.4,31.6,28.3,80,0,10.2,7,140,3,E 
14-08-2020,25.6,32,28.7,80,0,8.4,8,90,4,E 
15-08-2020,26.4,32.4,29,78,0,10.2,9,90,3,E 
16-08-2020,25,32.4,28.3,78,0,10,7,150,3,E 
17-08-2020,25.8,32,28.9,71,0,10.4,9,110,5,SE
18-08-2020,26.6,32.2,28.8,70,0,9.8,10,150,4,SE
19-08-2020,27,32.4,29,63,0,10,7,120,3,E 
20-08-2020,25.4,32,28.2,81,1.3,10.2,10,100,4,E 
21-08-2020,26,32,29.1,72,0,9.5,10,70,4,E 
22-08-2020,26,32.2,28.9,72,0,10.1,8,120,4,E 
23-08-2020,26.6,32,29.1,74,0,10.2,8,110,4,E 
24-08-2020,26,32,28.8,69,0,10.3,9,150,5,E 
25-08-2020,26.6,32.4,28.8,70,0,10.3,10,120,6,E 
26-08-2020,26.8,31.8,28.6,64,0,10.3,14,110,6,E 
27-08-2020,26.4,31.4,27.9,68,0,10.5,10,120,5,SE
28-08-2020,26.4,33,28.8,74,8888,10,9,100,5,E 
29-08-2020,26.8,32.2,29,72,0,10,11,90,4,E 
30-08-2020,25.8,32.6,28.8,69,0,9.8,9,90,4,E 
31-08-2020,25.8,32.6,28.9,64,0,10.3,9,90,4,E 
01-09-2020,24.8,32.4,28.8,72,0,10.3,9,100,4,E 
02-09-2020,25.7,32.8,29.4,72,0,10.2,8,170,4,SE
03-09-2020,25,32.8,29.3,74,0,9,8,150,4,E 
04-09-2020,27.2,32.6,29.1,74,0,8.9,9,90,4,E 
05-09-2020,26.8,32.5,29.1,70,0,9.9,8,100,4,SE
06-09-2020,27.6,33.2,29.2,68,0,10.4,8,130,4,E 
07-09-2020,26.2,32.6,29.1,71,0,9.8,6,100,4,E 
08-09-2020,26.4,33.5,28.9,72,0,10.3,9,150,4,E 
09-09-2020,26.4,32.6,28.9,71,0,8,9,90,4,E 
10-09-2020,26.4,32.4,28.8,69,0,7.3,8,90,3,SE
11-09-2020,25.2,33,29.2,67,0,10.6,9,140,4,SE
12-09-2020,25.4,33.2,29.1,67,0,10.5,6,150,3,SE
13-09-2020,25.2,32.8,29,68,0,10.4,9,100,3,SE
14-09-2020,26.6,32.4,28.8,62,0,10.4,9,110,3,C 
15-09-2020,26.8,32.8,28.7,64,0,10.4,6,170,3,E 
16-09-2020,26.4,32.2,28.3,71,0,10.2,8,110,2,C 
17-09-2020,25.4,32.8,29,72,0,10.4,9,100,3,E 
18-09-2020,26.4,33.2,29.4,72,0,10.3,10,90,4,SE
19-09-2020,26,33.2,29.3,74,0,8.8,10,110,3,C 
20-09-2020,26.4,33.4,29.8,73,0,8.1,8,120,2,C 
21-09-2020,27.2,34,29.8,72,0,10.3,7,120,2,C 
22-09-2020,26.6,32.2,29.5,76,0,8.9,6,170,2,C 
23-09-2020,26.2,34,29.6,73,1.5,9.6,8,110,2,C 
24-09-2020,26.8,33.4,29.6,70,0,10.3,8,120,2,C 
25-09-2020,26.8,34.2,30,69,0,9.3,9,140,3,SE
26-09-2020,27,33.4,29.9,70,0,9.9,9,150,3,SE
27-09-2020,28,34.2,30.2,64,0,8,8,130,4,S 
28-09-2020,28.2,34,30.1,64,0,9.3,9,130,4,SE
29-09-2020,28,34.9,30.1,67,0,9.1,9,120,3,SE
30-09-2020,26.6,33.2,29.5,72,0,10.5,8,110,3,SE
01-10-2020,27.4,33.8,30.6,70,0,9.8,6,90,2,C 
02-10-2020,27.2,34,30.5,71,0,10.5,8,120,3,SE
03-10-2020,27.2,33.6,30.4,67,0,10.6,10,130,4,SE
04-10-2020,26.4,33.5,30,64,0,9.9,10,150,4,S 
05-10-2020,27.4,33.4,30.3,59,0,8.5,6,180,2,SE
06-10-2020,22,33.4,30,64,0,8.6,9,130,3,SE
07-10-2020,26.2,32.8,29.3,70,0,9.8,8,140,3,SE
08-10-2020,26.6,32.2,29.4,69,0,10.3,7,170,3,E 
09-10-2020,26.3,32.2,28.9,76,0,6.8,6,100,3,SE
10-10-2020,26,32,28,82,0,0,8,90,2,C 
11-10-2020,25.6,33.2,29.9,72,6.9,0.2,9,120,3,SE
12-10-2020,27,33.4,30.4,69,0,10.6,9,120,3,SE
13-10-2020,26.6,33.8,30.3,70,0,10.5,9,110,3,E 
14-10-2020,28,34.2,30.6,70,0,10.6,8,120,3,S 
15-10-2020,26.8,34.8,30.3,73,0,9.8,6,120,3,SE
16-10-2020,27.4,33.2,30.7,65,0,9.4,8,140,3,SE
17-10-2020,26.2,33,29.4,73,0,10,4,180,3,SE
18-10-2020,27.2,30.6,28,79,0,5.3,5,360,1,C 
19-10-2020,25.8,29.2,27.3,84,3.5,1.6,10,310,1,C 
20-10-2020,23.6,31.8,28,87,33,0,9,120,2,C 
21-10-2020,25.4,33.2,28.9,83,0,5.5,8,90,2,C 
22-10-2020,25.4,33.4,29.6,78,0,8.8,7,110,2,C 
23-10-2020,26.2,33.4,29.7,77,0,10.4,6,180,2,C 
24-10-2020,26.2,32.8,29.9,77,0,10.3,6,170,2,E 
25-10-2020,27.4,34.4,30.7,76,0,10.7,7,80,2,C 
26-10-2020,26.8,34.4,30.6,75,0,10,6,90,1,C 
27-10-2020,26.6,33.4,29.8,74,0,9.5,6,180,2,C 
28-10-2020,25,33,29.4,76,1.7,8,5,150,3,E 
29-10-2020,27.2,33.6,29.8,78,0,10.8,13,120,4,E 
30-10-2020,23.2,33,29.4,80,0,9.3,10,100,2,C 
31-10-2020,25.8,31.4,27.1,86,18.5,3,8,30,2,C 
01-11-2020,24.6,32,28.2,82,39.6,4,9,290,3,C 
02-11-2020,24.6,29.2,26.3,90,5.4,5,4,350,0,C 
03-11-2020,25,32.6,29,82,3.9,0,9,120,2,C 
04-11-2020,26.8,31.6,28.8,83,0,8.4,5,90,1,C 
05-11-2020,26.6,33.2,30.4,77,2.7,3.3,7,120,2,C 
06-11-2020,26.8,33.8,30.8,75,0,11,9,110,2,C 
07-11-2020,26.6,34.2,30.5,72,0,10.1,6,50,1,C 
08-11-2020,25.8,33.6,29.8,76,0,10.3,4,120,1,C 
09-11-2020,25.8,33.6,30.5,70,0,10.9,6,230,2,C 
10-11-2020,26.4,33.9,30.3,74,0,10.2,8,160,3,C 
11-11-2020,26.8,31.2,28.8,80,0,10.4,9,120,4,SE
12-11-2020,25.8,34.2,31.1,73,5.2,0,8,100,3,E 
13-11-2020,27.6,34.6,31.3,74,0,10.7,8,100,3,E 
14-11-2020,26.4,35,30.7,76,0,10.5,7,70,2,C 
15-11-2020,27,34,30.3,78,2,8.9,8,100,2,E 
16-11-2020,27.4,34,31.4,69,0,7.8,8,120,3,SE
17-11-2020,27.6,34.8,31.2,70,0,11,8,120,3,SE
18-11-2020,27.2,33.7,30.8,70,0,10.6,8,120,3,SE
19-11-2020,27,35,31.4,70,0,11.5,9,70,2,C 
20-11-2020,27,33.2,30.6,74,8888,8.7,6,170,1,C 
21-11-2020,26.2,33,30.4,76,0,5.9,8,90,1,C 
22-11-2020,26.4,32.7,29.8,77,0,7.1,6,130,1,C 
23-11-2020,26,32.4,28.2,85,2.1,6.2,6,330,1,C 
24-11-2020,25.4,32.2,27.8,85,2,3.5,5,310,1,C 
25-11-2020,25.4,32.6,28.6,83,8,7,8,230,1,C 
26-11-2020,25.2,33,28.6,82,3.8,0.4,5,110,1,C 
27-11-2020,24.6,29.8,27,90,27,5.4,6,310,1,C 
28-11-2020,25.6,30.4,28.1,86,1.5,0.8,10,290,1,C 
29-11-2020,25.6,29.6,27.3,89,7.2,1.3,5,310,0,C 
30-11-2020,25.1,29.6,26.8,88,2.3,0.8,3,240,1,C 
01-12-2020,25,30,27.6,87,5,0,3,120,0,C 
02-12-2020,25,31.6,27.7,89,0.5,0.8,4,120,0,C 
03-12-2020,25,32.7,26.9,88,14.3,2,13,220,2,C 
04-12-2020,25.8,32.8,28.5,80,9.6,2.5,12,310,2,C 
05-12-2020,25.4,31.8,26.4,88,0.1,2.3,11,210,2,C 
06-12-2020,24.2,31.6,27.9,84,42.2,0.7,11,300,4,NW
07-12-2020,25,29.4,25.8,90,16.2,1.3,11,300,4,NW
08-12-2020,24.6,29.8,26.2,95,7.1,0,12,280,3,C 
09-12-2020,25.4,28,26.7,90,9.1,0,13,300,3,C 
10-12-2020,24.2,30,26,92,48.2,0,13,310,3,NW
11-12-2020,24.8,30,26.6,92,8.5,0.3,10,320,1,C 
12-12-2020,25,30.4,27.6,86,11.7,0.6,10,260,2,C 
13-12-2020,24.2,33,27.3,86,18.5,0,10,330,2,C 
14-12-2020,24.6,32.2,27.9,87,19.1,2.7,6,300,1,C 
15-12-2020,25.5,29,27.1,88,1.9,2.5,6,310,1,C 
16-12-2020,24.6,31.4,27.5,85,0.4,0,11,330,1,C 
17-12-2020,25,30.2,26,92,18,6.3,7,340,1,C 
18-12-2020,24.8,30.2,25.7,89,26,0,12,280,2,C 
19-12-2020,24,32.2,27.3,86,38.4,1.9,13,290,2,C 
20-12-2020,24.8,32,28.1,82,8.8,1.2,7,300,1,C 
21-12-2020,25.4,31.8,28.4,84,8888,0.9,5,190,1,C 
22-12-2020,26.2,33.4,29.3,78,0,5.5,7,210,1,C 
23-12-2020,25.6,32.8,29.4,78,0,9.4,5,170,1,C 
24-12-2020,25.2,32.6,28.5,78,8888,10.6,3,180,0,C 
25-12-2020,26,32.3,27,88,0.8,2.6,12,100,2,C 
26-12-2020,25,31.3,27.7,88,29.9,4.8,7,150,1,C 
27-12-2020,25,31,27.5,88,0.8,4,11,290,1,C 
28-12-2020,24.8,31,27.5,86,11.5,6.6,8,300,1,C 
29-12-2020,24.8,31.4,26.4,92,1.6,2.5,10,330,2,C 
30-12-2020,25.2,28.8,26.5,90,8.5,2.3,5,130,1,C 
31-12-2020,24.4,31,27.2,86,40.4,0,3,170,0,C 
01-01-2021,24.4,31.9,27.7,84,0,0.9,7,340,1,C 
02-01-2021,25,30.8,27.5,87,2.4,2.8,5,150,1,C 
03-01-2021,25.4,32.8,28.9,84,0,4.7,12,290,1,C 
04-01-2021,25.2,30.2,26.8,93,59.5,4.5,5,350,0,C 
05-01-2021,24.4,30.6,25.6,94,13,0.4,9,310,1,C 
06-01-2021,24.4,32,26.3,92,58,2.3,11,340,2,C 
07-01-2021,24.4,31.2,27.3,86,19.3,3.7,10,240,2,C 
08-01-2021,24.4,32,27.4,86,25.2,3.5,7,230,1,C 
09-01-2021,24.8,31.8,27.8,86,2,3.7,5,60,1,C 
10-01-2021,25.6,30.4,27.2,89,0,2.7,9,320,1,C 
11-01-2021,25.2,31.4,28.7,86,18,6.1,6,270,1,C 
12-01-2021,25.2,31.8,28.4,84,5.1,5.6,3,320,1,C 
13-01-2021,25,32,27.9,88,14.4,6.6,6,300,1,C 
14-01-2021,25.4,32.6,28.5,83,5.2,4.8,9,260,2,W 
15-01-2021,25,31,27.6,85,0,3.4,9,210,2,C 
16-01-2021,24.8,31.7,27.2,86,10.4,0,8,330,2,NW
17-01-2021,25,30,26.1,91,2,1.1,8,290,2,NW
18-01-2021,25,29.4,26.5,87,19.6,2,10,310,4,NW
19-01-2021,24.4,29.8,27,84,1,0,10,320,4,NW
20-01-2021,25.2,32.2,27.6,85,8888,0,9,310,3,NW
21-01-2021,25.4,33,28.3,81,1,3,9,260,3,NW
22-01-2021,24.6,33,26.4,90,3.2,6.9,18,290,2,C 
23-01-2021,23.8,30.7,25.5,93,38.4,6,9,330,1,C 
24-01-2021,23.8,32,27,85,3.2,2.4,9,320,3,NW
25-01-2021,25.2,30.4,27.3,83,0,5.2,5,330,2,NW
26-01-2021,24.9,30.3,26.8,88,4,0.5,12,330,3,NW
27-01-2021,24.8,31.4,27.7,84,20.4,4.3,10,310,4,NW
28-01-2021,25.2,31,27.1,86,8888,5.3,12,330,5,NW
29-01-2021,25.2,29.6,26.8,86,9.5,4.2,18,320,7,NW
30-01-2021,25,28.4,26.3,89,5.8,1.3,13,310,5,NW
31-01-2021,24.4,31.9,27.7,80,18.3,0.5,13,310,5,NW
01-02-2021,25,31.8,28,81,8888,5.5,12,320,5,NW
02-02-2021,26,31.5,28.5,81,8888,7.3,14,310,6,NW
03-02-2021,26,31.8,28,80,0,6,14,310,7,NW
04-02-2021,25.8,30.4,27.6,84,8888,5.6,13,320,5,NW
05-02-2021,26,31.6,27.9,84,2.2,5.1,14,320,5,NW
06-02-2021,23,31,27.8,85,3.8,4,13,310,4,NW
07-02-2021,25.4,31.6,28.2,82,0.4,5.2,12,320,4,NW
08-02-2021,25.6,31.3,28.2,82,0,10.4,12,330,3,NW
09-02-2021,25.8,30.6,27.4,86,2,3.7,16,330,4,NW
10-02-2021,25.6,29.8,27,90,12.5,2.6,10,330,2,NW
11-02-2021,25.4,31.2,27.3,88,42.7,1.2,6,330,2,NW
12-02-2021,25.6,31.2,27.7,86,0,2.9,6,310,2,C 
13-02-2021,25.8,30.6,26.9,92,2.4,7.9,12,60,2,C 
14-02-2021,24.8,30.2,27,88,84.9,3.8,11,280,4,NW
15-02-2021,23.6,31.6,26.1,90,39.3,4.9,11,180,2,C 
16-02-2021,24.8,30.8,27.5,88,16.3,5.3,10,330,2,NW
17-02-2021,24.8,30.9,26.7,89,5.2,5.4,12,290,3,C 
18-02-2021,24.2,31.6,27.5,83,12.8,6.7,10,320,4,NW
19-02-2021,25.5,30.6,27.5,83,8888,7,12,320,5,NW
20-02-2021,24.8,31.6,26.4,87,0,4.9,13,350,3,NW
21-02-2021,25.2,33,27.7,85,2.4,3.4,8,250,2,C 
22-02-2021,24.6,32,28,82,12.7,4.2,8,280,3,NW
23-02-2021,26,31.7,28.1,83,0,4.2,10,310,5,NW
24-02-2021,25.2,29.2,26.9,87,4.4,5.3,13,320,5,NW
25-02-2021,24.6,31.2,27.9,86,13.7,0.1,12,320,4,NW
26-02-2021,25.2,32.2,28.3,84,0,9.6,10,320,4,W 
27-02-2021,25.6,32.8,28,84,4,9.6,12,320,3,NW
28-02-2021,24.2,32,28,84,22,7.7,6,340,1,C 
01-03-2021,25.4,33,28.4,86,0,3,15,330,2,C 
02-03-2021,25,31.6,27.7,83,14.8,2.7,10,280,3,C 
03-03-2021,24.2,31.2,26.8,86,5.3,6.4,8,340,2,C 
04-03-2021,24.8,30.4,25.9,90,0,6.4,10,320,1,C 
05-03-2021,24.2,31,27.1,86,31.5,2.8,6,270,1,C 
06-03-2021,24.6,30.2,26.4,90,8888,3.7,6,360,1,C 
07-03-2021,24.2,29.2,26.1,92,5.8,2,11,340,3,NW
08-03-2021,24.4,31.4,27.2,86,12.6,2.8,8,340,2,NW
09-03-2021,24.8,31,27.4,80,1.5,1.5,10,300,2,C 
10-03-2021,25,29,26.2,88,2.4,1.3,14,320,2,C 
11-03-2021,25.2,30.4,26.9,92,8888,0.3,6,240,1,C 
12-03-2021,23.4,30.4,26.6,84,25.9,1.9,5,170,2,C 
13-03-2021,24.2,30.4,27.5,83,0,9.2,8,290,2,C 
14-03-2021,24,32.4,28.1,82,8888,7,6,130,1,C 
15-03-2021,24.6,30,27.1,87,0,8.5,5,190,1,C 
16-03-2021,25,32.2,27.8,84,1,4.6,7,100,2,C 
17-03-2021,24.6,31.6,27.6,86,0,8.9,6,320,1,C 
18-03-2021,24.6,31.6,27.2,89,0,6.5,7,210,1,C 
19-03-2021,24.8,32.2,27.1,88,34.3,4.3,9,270,2,C 
20-03-2021,24.6,31.6,27.8,86,16.6,5.9,11,320,2,C 
21-03-2021,26,32.8,28.7,80,0,6.5,11,330,3,C 
22-03-2021,25.6,30.4,27.5,88,1.5,8.6,7,140,1,C 
23-03-2021,25.4,32,27.9,88,11.7,3.8,5,300,1,C 
24-03-2021,25.6,31.4,28.3,88,2,6,5,230,1,C 
25-03-2021,25,31.4,27.8,88,1.5,3.8,3,190,0,C 
26-03-2021,25.2,31.6,28,86,0,5,5,330,1,C 
27-03-2021,26,32.6,29.6,80,0,8,6,100,1,C 
28-03-2021,25.6,32.8,28.5,84,0,7.5,5,310,1,C 
29-03-2021,25.8,32.4,28.7,84,8888,7.1,2,120,0,C 
30-03-2021,25.6,31.6,27.3,86,2,2.8,7,320,1,C 
31-03-2021,25,31.8,28.3,83,3.5,3.5,7,310,2,C 
01-04-2021,26,31,28,88,1.6,8,12,320,2,C 
02-04-2021,25,32.2,27.7,88,62.9,3.5,5,320,1,C 
03-04-2021,25.4,32.4,28.4,86,3.9,3.2,13,310,2,C 
04-04-2021,25.8,31.2,28,87,14.6,6.3,16,340,2,C 
05-04-2021,24.4,31.8,27.6,85,25.3,5,4,240,1,C 
06-04-2021,25.2,30.8,27.8,88,25,2.4,13,280,2,C 
07-04-2021,25,29.2,26.6,87,5.5,1.7,15,310,3,NW
08-04-2021,25.2,28.8,27.2,88,1,0.3,6,300,2,C 
09-04-2021,25.2,30.5,27,92,8888,0,9,180,2,C 
10-04-2021,24.8,31.2,27.2,86,30.8,3.8,10,330,1,C 
11-04-2021,24.4,32,27.7,85,32.8,4.3,5,80,1,C 
12-04-2021,24.4,31.9,28.9,81,8888,6.6,7,310,1,C 
13-04-2021,25.2,32.4,28.5,82,1.2,9.3,4,320,0,C 
14-04-2021,25.2,32.2,28.5,82,8888,7,6,100,1,C 
15-04-2021,24.8,31.8,28.3,83,0,9.4,5,100,1,C 
16-04-2021,24.8,32,28.6,81,0,9.6,4,180,2,E 
17-04-2021,26.1,32.6,28.8,76,0,10.2,7,170,2,C 
18-04-2021,24.4,32.2,28.1,80,0,10.1,7,90,2,C 
19-04-2021,24.8,32.2,29.5,71,0,10.3,6,160,2,C 
20-04-2021,23.8,31.7,28.2,74,0,10.3,7,130,2,C 
21-04-2021,23,31.4,27.5,74,0,9.8,5,130,2,SE
22-04-2021,24,31.5,28,73,0,10.3,8,90,2,C 
23-04-2021,24,30.8,28.3,74,0,10.2,5,140,1,C 
24-04-2021,24.2,31.8,27.6,80,0,10.3,7,150,2,E 
25-04-2021,25.4,32.2,29,78,0,10.2,8,110,3,E 
26-04-2021,26,32.6,29.3,78,0,10.3,8,110,4,E 
27-04-2021,27,32.6,29.7,75,0,10.2,8,110,3,E 
28-04-2021,27,32.6,29.5,71,8888,9.8,5,90,1,C 
29-04-2021,25,32.8,28.7,80,0,9.2,8,70,2,C 
30-04-2021,25.9,32.5,28.9,81,0,9.5,9,100,2,C 
01-05-2021,24.6,32.4,28.4,83,8888,6.7,8,90,4,E 
02-05-2021,27.4,33,29.9,76,0,9.6,9,80,3,E 
03-05-2021,26.6,32.8,29.8,74,0.8,9.4,10,110,4,E 
04-05-2021,26.6,33,29.6,79,8888,9.9,8,100,3,E 
05-05-2021,26,33.1,29.5,79,0,9.2,8,110,3,E 
06-05-2021,25.6,32.4,28.7,80,0,9.8,4,180,0,C 
07-05-2021,26.4,31.6,28.6,83,0,2.6,6,160,1,C 
08-05-2021,26,31.6,29,74,0,3.9,7,120,3,E 
09-05-2021,25.6,32,28,78,0,10,6,160,1,C 
10-05-2021,25.2,32,28.6,78,0,9.8,8,120,3,E 
11-05-2021,26.8,32.8,29.5,76,0,9.8,9,150,4,E 
12-05-2021,26.2,33,29.5,73,0,10.8,10,120,4,E 
13-05-2021,27.4,31.4,29.2,74,0,10,8,130,3,SE
14-05-2021,26,33.4,29.7,72,0.5,7,9,140,3,C 
15-05-2021,25,32.9,28.3,82,0,10.1,8,140,3,E 
16-05-2021,26,32.8,29.1,76,0,10.1,8,120,2,C 
17-05-2021,26,32.4,29.2,76,0,9.9,8,100,3,SE
18-05-2021,27,32.3,29.3,78,8888,9.6,7,120,2,E 
19-05-2021,26.6,28.6,27.1,87,2.8,7.6,8,90,2,C 
20-05-2021,25.4,32.6,29.3,80,2.6,0,7,100,2,C 
21-05-2021,25.8,32.2,28.9,82,2.6,7,6,160,2,E 
22-05-2021,25.6,32.4,28.7,79,0,9.8,6,120,1,C 
23-05-2021,25,32.4,28.5,82,0,10.3,7,100,2,C 
24-05-2021,24.8,32.2,28.3,82,0,9,8,100,2,C 
25-05-2021,26,32.8,29,82,0,8.8,8,90,3,E 
26-05-2021,27.6,32.7,29.9,77,0,9.8,10,140,4,E 
27-05-2021,27.2,32.8,29.9,76,0,9.5,13,340,4,SE
28-05-2021,25.8,30.2,27.3,89,27.1,10,11,100,3,C 
29-05-2021,26.4,32.2,28.8,84,55.4,10,8,140,2,C 
30-05-2021,25.2,31.8,28.2,84,0,6.7,6,110,2,C 
31-05-2021,26,31.8,29.1,77,0,7.3,7,80,2,E 
01-06-2021,26.2,31.8,29,82,0,6.7,5,140,2,E 
02-06-2021,27,32.2,29.1,80,0,9,9,100,4,E 
03-06-2021,26,33,29.6,80,0,9.8,8,120,3,E 
04-06-2021,26.6,32.4,29.5,79,8888,10.2,9,100,4,E 
05-06-2021,27,32.8,29.6,78,0,9.9,8,120,3,E 
06-06-2021,27,33,29.2,80,0,10.2,7,90,2,C 
07-06-2021,26.4,32.8,29.4,80,0,10.1,8,90,2,C 
08-06-2021,26,32.6,29.4,71,1,10.3,7,130,2,C 
09-06-2021,26.4,32.6,29.4,80,0,10.3,6,90,2,E 
10-06-2021,26.6,32.2,29.2,79,0,10,9,100,3,E 
11-06-2021,25.2,31.8,28.2,82,4.7,8.2,8,140,3,E 
12-06-2021,26.6,32.2,29.3,78,8888,8.7,8,100,3,E 
13-06-2021,26.2,32.4,28.5,81,0,10.1,8,90,4,E 
14-06-2021,27.2,32.8,29.4,79,0,8,9,130,3,C 
15-06-2021,27.4,32.6,29.5,80,0,8.2,10,100,3,C 
16-06-2021,26,32.2,28.8,82,8888,7.6,9,130,3,C 
17-06-2021,25.8,30.8,28.1,84,18.8,5,8,160,2,C 
18-06-2021,25,32.2,28.4,82,0.3,7.3,8,110,2,E 
19-06-2021,25.2,32.1,28.3,82,0,8.1,7,100,2,C 
20-06-2021,25.2,30.6,27.4,86,2.1,9.8,8,100,2,C 
21-06-2021,24.7,29.8,27.4,86,0.8,4.3,4,180,1,C 
22-06-2021,25,32.1,28.2,82,0.2,3.9,9,100,4,E 
23-06-2021,26,31.8,29.3,80,0,9.8,9,90,4,E 
24-06-2021,25.2,32,28.8,83,1.4,9.7,9,80,2,C 
25-06-2021,25.2,31.6,27.6,84,4.4,9.5,5,110,2,E 
26-06-2021,25.4,32.2,29.2,81,4.4,6.4,8,90,3,C 
27-06-2021,25.6,32,28.4,85,0,10,9,120,3,E 
28-06-2021,25.2,28.8,27.3,87,5.4,9.7,7,110,1,C 
29-06-2021,24.4,31.4,28.3,84,26.1,1,10,120,2,E 
30-06-2021,26.6,32,28.9,79,11,6.5,8,90,3,E 
01-07-2021,25.4,31.8,28.5,80,0,9.5,7,90,2,E 
02-07-2021,23.9,30.4,27.2,80,0,10.1,6,150,1,C 
03-07-2021,25,31,28.3,81,0,9.8,7,100,2,C 
04-07-2021,25.6,31.8,28.1,77,0,4.3,7,120,3,E 
05-07-2021,25.2,31.7,28.4,74,0,10,11,120,6,SE
06-07-2021,24,31.2,27.3,70,0,10.2,8,110,2,C 
07-07-2021,24,30.4,27.3,76,0,10.3,10,110,3,SE
08-07-2021,24.9,32.4,27.6,83,1,5.8,8,90,2,C 
09-07-2021,24.4,31.8,27.6,83,4.3,2.3,8,100,3,E 
10-07-2021,25.6,32.4,29.3,78,0,8.5,9,100,5,E 
10-07-2021,25.6,32.4,29.3,78,0,8.5,9,100,5,E 
11-07-2021,26.8,31.8,29.3,75,0,10.2,11,90,3,E 
12-07-2021,25.8,31.8,28.5,78,0,10,8,150,3,SE
13-07-2021,25.4,32,29,66,0,8.8,8,140,3,SE
14-07-2021,26,31.2,28.2,68,0,10.4,6,150,2,C 
15-07-2021,24.4,30.2,27.2,75,0,9,10,130,5,SE
16-07-2021,24.3,31.4,28.4,66,0,4.6,6,60,1,C 
17-07-2021,24.4,31,27.4,78,0,7.4,8,120,3,E 
18-07-2021,25,32,28.1,75,0,5.1,6,150,2,E 
19-07-2021,25.6,32.2,28.5,78,0,9.8,9,100,4,E 
20-07-2021,25,31.6,28.2,78,0,9.6,7,80,2,C 
21-07-2021,25.8,32,28.7,74,0,10,9,120,3,E 
22-07-2021,26,31,28.1,81,0,10.2,8,110,3,SE
23-07-2021,26.1,31.2,28.2,78,8888,2.5,11,150,4,E 
24-07-2021,25.6,31,27.8,72,0,9.2,7,130,3,E 
25-07-2021,23.6,30.8,27.8,72,0,9.2,10,90,4,E 
26-07-2021,23.8,31.2,27.8,76,0,10.2,8,110,2,E 
27-07-2021,22,31,27.1,76,0,10.3,8,90,3,E 
28-07-2021,24.2,31,28.1,70,0,9.2,7,170,3,SE
29-07-2021,23.4,32.4,28.3,70,0,10.2,8,140,2,C 
30-07-2021,25,32.4,27.9,80,0,10.4,8,90,3,E 
31-07-2021,25.8,32.5,28.7,73,0,9.5,9,100,3,E 
01-08-2021,24.8,32,28.4,72,0,10,10,120,4,SE
02-08-2021,25.8,32,28.8,72,0,10.1,6,130,2,C 
03-08-2021,25,32.6,29,75,0,9.9,8,120,4,E 
04-08-2021,26.2,32.4,28.9,77,0,10,9,120,4,E 
05-08-2021,26.4,32.6,29.2,75,8888,10,9,110,4,E 
06-08-2021,26.2,32.6,28.9,76,0,9.8,11,100,4,E 
07-08-2021,26.8,32.5,29.2,75,0,9.1,12,100,5,E 
07-08-2021,26.8,32.5,29.2,75,0,9.1,12,100,5,E 
08-08-2021,26.5,32.8,29,78,0,9.8,10,110,4,E 
09-08-2021,27,32.6,29.3,73,0,9.8,9,100,5,E 
10-08-2021,26.8,31.8,28.9,73,0,9.3,9,140,5,SE
11-08-2021,26,31.2,28.4,70,0,9.8,10,140,4,E 
12-08-2021,26.4,31.6,28.9,72,0,10,9,110,4,SE
13-08-2021,25.8,32.2,29.3,71,8888,7.1,7,100,3,E 
14-08-2021,26.6,32.5,29.4,75,0,9.8,11,110,5,E 
15-08-2021,26.6,32.8,29.2,75,0,10.2,11,110,5,E 
16-08-2021,26.3,32.2,28.8,73,0,10.2,10,120,4,SE
17-08-2021,25.6,32,28.1,78,0,10,9,110,4,E 
18-08-2021,26.2,32,29.1,77,0,5.3,5,150,3,E 
19-08-2021,26.2,32.4,28.8,75,0,9.2,9,110,3,E 
20-08-2021,26,32.8,28.2,78,0,10,8,100,4,E 
21-08-2021,26,33.2,29.2,72,8888,9.1,8,90,4,SE
22-08-2021,26,32.4,28.9,71,0,10.2,9,150,4,SE
23-08-2021,25.4,32.4,28.9,66,0,10,9,110,4,SE
24-08-2021,25.6,32,28.9,66,0,9.1,7,140,2,SE
25-08-2021,23.8,32.4,27.7,74,0,10.2,9,100,3,SE
26-08-2021,25,32,28.6,61,0,9.8,7,150,3,SE
27-08-2021,23.8,32.1,27.8,72,0,9.9,8,130,2,SE
28-08-2021,25.2,32.4,29.2,70,0,8.2,9,150,5,SE
29-08-2021,27.4,33.2,29.3,71,0,5.7,7,160,4,SE
30-08-2021,27.4,32.8,29.4,70,0,8.1,10,100,4,E 
31-08-2021,26.2,33,29.2,74,0,8,8,150,3,SE
01-09-2021,25.4,32.8,29.3,68,0,10.2,8,100,4,E 
02-09-2021,26,32.2,29.6,67,0,10.4,7,160,2,C 
03-09-2021,24.4,31.4,27.8,75,0,9.8,7,130,2,C 
04-09-2021,25.5,32.3,29,70,0,6.2,7,130,3,SE
05-09-2021,27,31.8,29.2,66,0,10.2,8,160,4,E 
06-09-2021,27.5,33,29.6,68,0,4.8,7,150,4,E 
07-09-2021,26.8,32.8,29.3,72,0,8,8,110,5,SE
08-09-2021,27.6,33.4,29.6,68,0,10.2,10,90,6,SE
09-09-2021,26.6,34,28.7,70,0,10.3,9,130,4,SE
10-09-2021,27,33.7,29.8,71,0,10.4,10,130,4,SE
11-09-2021,27.2,32.6,28.6,75,0,8.8,9,60,3,E 
12-09-2021,25.6,32.4,28.4,80,0.5,1.4,9,100,3,E 
13-09-2021,25.4,31.8,28.3,81,0.3,6,8,90,3,E 
14-09-2021,26.4,33.4,29.2,79,0.5,2.5,9,90,3,C 
15-09-2021,25,33,28.5,79,4.5,7.7,5,110,1,C 
16-09-2021,25.2,32.8,29,81,0,8.8,8,120,3,E 
17-09-2021,26.8,32.1,29.4,72,0,9.6,10,120,5,SE
18-09-2021,27.6,33.6,30.2,68,0,8.3,10,100,5,SE
18-09-2021,27.6,33.6,30.2,68,0,8.3,10,100,5,SE
19-09-2021,27,33.6,29.5,72,0,9.8,10,130,4,SE
20-09-2021,24.8,33.3,28.8,73,0,10.3,8,140,3,SE
21-09-2021,24.8,31.2,28.6,76,3.8,6.9,7,140,3,SE
22-09-2021,27,32,28.9,79,0,1,12,140,4,SE
23-09-2021,25,32,27.5,85,15.2,5.1,6,100,3,E 
24-09-2021,26.8,33.2,28.3,84,0,3.5,9,100,3,E 
25-09-2021,25.2,31.8,28.7,81,2.8,6,6,120,4,E 
26-09-2021,27,32.2,29,80,0,7.4,7,120,4,SE
27-09-2021,26.6,32.6,29.3,71,0,8.2,5,120,4,SE
28-09-2021,25.8,33,29.1,72,0,10.3,8,150,4,SE
29-09-2021,26.6,34,30.3,70,0,10.4,9,100,3,E 
30-09-2021,26.4,33.2,29.6,73,0,10.5,6,150,3,SE
01-10-2021,25.2,33,29.4,75,0,10.8,6,160,2,C 
02-10-2021,25.6,34.2,29.7,71,0,7.6,7,90,2,C 
03-10-2021,25.4,32.4,29,75,0,8.8,7,330,2,C 
04-10-2021,26.2,32,27.5,83,0,7.2,13,340,2,C 
05-10-2021,25.4,31.8,28.8,78,7.5,4,7,170,2,C 
06-10-2021,25.6,31.7,26.7,87,0,8.3,9,140,2,C 
07-10-2021,24.6,32,28.2,75,29.9,3,4,160,1,C 
08-10-2021,24.6,33.3,28.8,74,0,10.7,8,100,3,SE
09-10-2021,25.8,34,28.6,77,0,9.6,8,160,3,SE
10-10-2021,25,33.4,30,68,0,10.6,7,150,2,C 
11-10-2021,25.7,32,29,73,0,10.4,6,180,2,C 
12-10-2021,25.2,33.8,29.1,73,0,9.8,9,120,4,E 
13-10-2021,25.5,33.2,29.4,67,0,10.8,7,50,2,C 
14-10-2021,25,32.5,30,67,0,9.6,7,100,3,E 
15-10-2021,26.8,33.8,30.5,72,0,10.5,9,130,4,E 
16-10-2021,26.8,33.8,29.8,75,0,10.5,4,170,2,SE
17-10-2021,27.4,33.6,30.5,73,0,10.1,7,110,2,E 
18-10-2021,27.8,34,30.5,74,8888,9.5,8,110,2,C 
19-10-2021,26,34.3,29.7,77,0,6,5,150,1,C 
20-10-2021,26.8,34.1,30.3,74,0,7.7,7,160,2,C 
21-10-2021,26.2,33.6,30.6,73,0,10.8,4,160,2,S 
22-10-2021,26.8,34.6,30.7,72,0,10.4,5,60,2,E 
23-10-2021,26.9,33.4,30.5,74,0,10.8,6,180,2,SE
24-10-2021,27,33,30.5,75,0,10.8,7,180,2,C 
25-10-2021,26.6,33.8,30.4,74,0,10.4,5,160,2,SE
26-10-2021,27,34.3,30.3,71,0,9.7,10,160,4,E 
27-10-2021,24,30.2,28.1,79,0,7.4,11,90,1,C 
28-10-2021,24.6,34,30.5,75,9.5,0,9,90,2,C 
29-10-2021,26,34.2,30.5,76,0,10.3,5,160,1,C 
30-10-2021,26.6,34.2,29.9,78,8888,9,6,310,1,C 
31-10-2021,26.4,31.6,29,80,0.8,4.2,6,120,1,C 
01-11-2021,25,31,26.8,90,10.3,2.1,5,150,1,C 
02-11-2021,25,31.4,27.9,85,18.4,3.2,12,300,2,C 
03-11-2021,25,33.2,29.3,79,11.6,6.7,9,90,2,C 
04-11-2021,26.2,31.8,27.9,87,0,10.5,5,30,2,SE
05-11-2021,26.2,32,27.4,90,15.4,2.3,5,120,1,C 
06-11-2021,24.4,32.6,27.8,87,15,2.3,9,300,1,C 
07-11-2021,25.1,33.7,29.7,80,2,6.7,8,100,1,C 
08-11-2021,26,32,28.7,84,0,8.6,7,350,1,C 
09-11-2021,25.4,33.2,28.7,82,8888,2.7,3,160,0,C 
10-11-2021,26,32.8,28.8,85,1,6.9,6,310,2,C 
11-11-2021,26,31.8,27.7,86,12,6.6,8,250,2,C 
12-11-2021,25.6,28.6,27.1,90,1.5,1,2,330,0,C 
13-11-2021,25.8,31,27.5,88,1,0,6,70,1,C 
14-11-2021,25.4,28.9,27.1,90,3.8,1.3,4,180,0,C 
15-11-2021,25.4,29,26.7,92,11.2,0.4,7,340,1,C 
16-11-2021,24.7,30.5,26,92,9.3,0,6,70,1,C 
17-11-2021,25,32,27.7,86,13.1,0,5,120,1,C 
18-11-2021,24.8,31.4,27.6,84,3.2,2.3,5,160,1,C 
19-11-2021,25.2,32.8,29.4,77,0,3.8,5,180,2,E 
20-11-2021,24.8,26.8,25.3,97,47.3,9.5,5,200,1,C 
21-11-2021,23.8,31,27.2,88,77.5,0.1,3,210,0,C 
22-11-2021,25.2,32,27.9,89,6,5.4,5,130,1,C 
23-11-2021,25.8,31.3,28,88,8.8,6,14,240,2,C 
24-11-2021,24.8,30.4,27.6,89,14,3.3,10,280,1,C 
25-11-2021,25.2,32.8,28.3,84,20.5,2.3,10,190,1,C 
26-11-2021,25,31.4,27.7,88,37.3,7,8,150,1,C 
27-11-2021,24.6,31.4,28,87,3,0.6,4,210,1,C 
28-11-2021,25.4,31.3,27.2,86,0,2.3,8,110,2,C 
29-11-2021,24.2,30.2,26.9,85,18.9,0.9,9,90,2,C 
30-11-2021,24.2,30.4,27.3,86,3.8,0.1,4,150,1,C 
01-12-2021,24.6,31,26.9,89,19.9,4.6,5,310,1,C 
02-12-2021,25,31.2,27.7,86,6.3,0,9,290,1,C 
03-12-2021,23.6,30.4,27.3,89,36.7,4,10,290,2,C 
04-12-2021,25.1,31.2,26.4,89,14.5,2.5,9,330,3,NW
05-12-2021,24.8,28.4,27.1,87,17.3,0.1,6,290,2,NW
06-12-2021,25,30.4,26.4,89,1.6,0.1,13,300,2,C 
07-12-2021,24.6,30.9,28,83,43.5,0,13,260,2,C 
08-12-2021,25.8,33.4,29,80,0,0.5,10,280,3,C 
09-12-2021,26,33.8,29.4,78,0,4.4,5,270,2,C 
10-12-2021,26,32.4,28.8,81,0.8,10.8,8,310,2,C 
11-12-2021,25.8,32.8,28,83,0,8.2,5,300,1,C 
12-12-2021,25.4,32.8,28.4,83,21,6,5,120,1,C 
13-12-2021,25.4,31.8,28.2,85,0,5.8,5,330,2,C 
14-12-2021,25,32.4,28.5,83,60.5,6.9,5,360,2,C 
15-12-2021,26,29.3,27.5,89,1,3.5,6,320,1,C 
16-12-2021,25.8,31.2,28.4,86,16.4,0,6,140,1,C 
17-12-2021,25.6,31.6,28.4,85,3.2,7.6,4,160,1,C 
18-12-2021,25.6,33.4,29.3,82,1,7.7,5,170,1,C 
19-12-2021,25.6,34,29.6,82,0.5,10.2,5,100,2,C 
20-12-2021,26.6,32.3,28,87,7,7.2,8,150,1,C 
21-12-2021,25.6,30.9,26.8,89,8.6,4.9,8,330,2,C 
22-12-2021,25,31.6,28.2,82,5.6,0.4,5,310,1,C 
23-12-2021,25.8,33.9,29.4,78,0,1.4,8,310,2,C 
24-12-2021,26,34.3,29.7,76,0.6,8.6,10,300,4,NW
25-12-2021,25.2,32.8,28.6,84,6.5,10,6,300,2,NW
26-12-2021,25.6,34.4,29.5,76,5.6,3.6,8,240,2,NW
27-12-2021,25.8,34.3,28.3,77,0,9.1,13,360,3,NW
28-12-2021,24.6,33.6,29.3,75,5.2,9.1,7,270,2,C 
29-12-2021,26,33.2,27.5,85,5.2,7.8,8,240,1,C 
30-12-2021,25.2,30.6,27.2,88,36.5,2.9,8,210,2,NW
31-12-2021,25,31,26.7,89,5.4,0.2,5,340,1,C 
01-01-2022,24.8,30.8,26.5,91,4.5,1.1,5,150,0,C 
02-01-2022,25,31.4,26.4,93,18.1,1.6,6,320,1,C 
03-01-2022,25.4,30.6,27.7,86,27,3.7,5,110,0,C 
04-01-2022,24.8,31.8,27.7,86,0,0.4,7,90,1,C 
05-01-2022,24,29.4,26.9,88,0.8,3.5,7,300,1,C 
06-01-2022,25,31.8,27,87,0,0.1,12,290,1,C 
07-01-2022,24.6,31.6,27.6,83,5.2,3.2,5,240,1,C 
08-01-2022,24.1,31.6,27,87,1.8,4.5,6,340,1,C 
09-01-2022,24.4,31.2,26.4,90,10.1,5.5,5,270,1,C 
10-01-2022,23.8,30.2,27.2,86,62.5,1.6,5,120,1,C 
11-01-2022,25,30.7,25.7,90,1.3,5,13,300,2,C 
12-01-2022,24.4,31.1,28,83,64.8,0,14,300,5,W 
13-01-2022,25.2,32.4,28.6,78,8888,5.5,8,300,3,NW
14-01-2022,25,31.7,28.4,79,0,5.1,13,300,5,NW
15-01-2022,26.4,30.8,26.8,87,8888,4.7,8,300,3,NW
16-01-2022,25.4,32,27.9,82,1.5,0,12,310,4,NW
17-01-2022,24.9,30.4,27.1,88,2.2,4,9,310,3,NW
18-01-2022,24.8,30,26.9,86,3.3,1,9,290,2,C 
19-01-2022,24.2,32.8,27.5,84,11.9,0.3,10,300,3,NW
20-01-2022,24.4,29.9,25.5,91,2.8,5.3,14,280,2,C 
21-01-2022,23.7,31.4,27.2,85,87.1,0.6,6,300,1,C 
22-01-2022,24.6,32.4,28.5,83,0,4.2,7,230,2,C 
23-01-2022,24.6,32.8,27.5,86,10.7,5,6,320,2,NW
24-01-2022,26,33.8,29,79,9,7,10,310,5,NW
25-01-2022,25.3,33.4,29.6,78,0,9.4,14,300,6,NW
26-01-2022,25.2,31.8,28.3,82,5.5,10.8,14,290,6,NW
27-01-2022,26,32.5,28.9,80,1,5.6,13,230,4,NW
28-01-2022,25.6,32.5,28.5,81,1.8,4.8,10,310,2,NW
29-01-2022,24.2,32.4,27.8,85,8888,3.2,8,220,2,C 
30-01-2022,25,31.4,27.3,85,0,2.4,5,270,2,C 
31-01-2022,24.8,31,26.9,90,11.3,2.2,8,330,2,C 
01-02-2022,24.8,32,28.6,84,38,2,10,300,3,NW
02-02-2022,24.3,32.5,28.3,81,4.6,5.2,8,310,2,C 
03-02-2022,25,32.8,27.7,86,0,9.1,6,330,2,C 
04-02-2022,25.5,31.8,27.6,88,40,5.2,9,300,2,C 
05-02-2022,24.2,30.4,27.1,88,21.8,3.5,9,290,2,C 
06-02-2022,25.4,28.4,26.9,90,1,4.7,8,300,2,C 
07-02-2022,24.8,27.7,26,91,3.1,0,8,300,1,C 
08-02-2022,24.6,30.8,27.8,84,7.5,0,11,290,2,C 
09-02-2022,24.4,31.4,27.4,84,1.8,3.2,15,330,4,NW
10-02-2022,23.9,33.4,25.1,94,6.7,7,8,180,1,C 
11-02-2022,24.2,30.1,26.1,93,114,0,8,330,2,C 
12-02-2022,23.8,33.2,26,93,15.3,0,4,300,1,C 
13-02-2022,24.3,30,26.6,90,8.7,0.3,9,230,1,C 
14-02-2022,24.8,29.9,26.1,90,10.8,4.4,2,300,0,C 
15-02-2022,23.8,31.4,27.3,86,5,0,5,150,1,C 
16-02-2022,24.4,32.1,28.2,84,0,6,6,100,2,C 
17-02-2022,24.8,28,26.2,92,11.9,8.4,8,60,0,C 
18-02-2022,23.8,28.4,25.3,95,28.8,0.4,5,240,1,C 
19-02-2022,24.4,31.4,27.3,85,58.8,2,11,180,2,C 
20-02-2022,24.5,31.3,26.7,87,1.6,10.2,12,250,3,C 
21-02-2022,23.2,30.2,27.6,87,10.1,2.1,6,120,1,C 
22-02-2022,24.6,31.4,27.5,84,7.4,0,7,280,2,C 
23-02-2022,24.4,31.6,27.6,83,0.2,4.2,6,310,2,C 
24-02-2022,24.4,31,27.2,87,0,3.2,10,310,2,C 
25-02-2022,24.8,30.6,27.5,86,15.5,7.1,8,340,3,NW
26-02-2022,24.3,29.4,25.6,94,15.7,4.9,7,300,1,C 
27-02-2022,23.9,31.8,27.2,84,10.2,2.4,11,300,2,C 
28-02-2022,24.8,32.2,28,82,0,4.7,14,260,3,C 
01-03-2022,25.1,29.1,26,93,11.5,9,13,300,2,C 
02-03-2022,25,30.6,26.8,90,10.3,0.6,13,300,4,NW
03-03-2022,25.9,30.8,27.7,89,7.1,2.9,14,280,3,NW
04-03-2022,25.4,31.5,28,85,7.8,3.9,11,320,2,C 
05-03-2022,24.6,31.8,27.6,88,22.9,5.4,8,330,1,C 
06-03-2022,24.8,32,27.6,87,8888,7.4,5,130,1,C 
07-03-2022,25,32.6,27.7,87,1.6,4.7,2,290,0,C 
08-03-2022,25.8,32.4,28.5,84,0,0.7,6,180,0,C 
09-03-2022,25.2,32.4,27.9,84,5.1,3,4,150,1,C 
10-03-2022,24.8,31.6,27.1,90,5.1,8.3,8,150,1,C 
11-03-2022,24.8,32.2,27.9,85,21.7,4.9,4,300,1,C 
12-03-2022,24.9,30.4,27.8,88,8888,8.4,8,240,2,C 
13-03-2022,24.8,31.4,27.3,88,3.3,5.5,7,310,1,C 
14-03-2022,25.4,31.4,28.2,86,3.2,5,6,100,1,C 
15-03-2022,25.2,33,28.6,85,8888,4.3,6,90,1,C 
16-03-2022,25.4,33.4,28.5,86,0,8.8,8,270,2,C 
17-03-2022,24.6,33.4,28.3,88,27.5,5.9,6,320,1,C 
18-03-2022,24.8,33,29,80,27,9.8,5,300,1,NW
19-03-2022,25.2,32.1,27.6,88,17,8.3,4,230,1,C 
20-03-2022,24,30.8,26.1,91,40.7,2.5,5,280,1,C 
21-03-2022,24.3,32.2,27.8,84,37.7,0.7,6,30,1,C 
22-03-2022,25.2,28.7,26.7,91,0,8.3,10,270,2,C 
23-03-2022,23.8,32.1,27.8,84,6.5,0.6,7,300,2,C 
24-03-2022,24.2,33.5,28.1,85,8888,8.7,6,190,2,C 
25-03-2022,25.8,31.6,28.3,82,1.2,7.9,5,160,1,C 
26-03-2022,25.8,31.4,28.4,87,8888,7.5,4,180,1,C 
27-03-2022,25,32.2,27.6,86,0,4.3,14,300,2,C 
28-03-2022,24.8,31.4,27.7,86,1,4.5,6,320,1,C 
29-03-2022,25.2,32,27.4,88,0,2.6,5,180,1,C 
30-03-2022,24.8,31.2,27.8,84,48.2,3.9,3,310,0,C 
31-03-2022,25.4,32.4,28.4,84,8888,1.8,4,120,1,C 
01-04-2022,25,31.8,28,86,8888,6,9,180,2,C 
02-04-2022,24.4,30.4,27.1,87,0.9,5.3,4,340,0,C 
03-04-2022,25,32.6,27.9,88,0,1.6,8,230,1,C 
04-04-2022,24.8,32.4,28.2,84,5.8,8.3,6,90,1,C 
05-04-2022,24,32.6,28.2,84,5.2,11.3,5,170,1,C 
06-04-2022,25.4,31.8,27.7,83,3.7,9,8,290,1,C 
07-04-2022,24.6,32.4,28.6,82,0.4,4.4,4,100,0,C 
08-04-2022,24.8,32.4,28.4,83,0,6.7,3,140,1,C 
09-04-2022,25,32.7,29.3,78,0,4.1,4,180,1,C 
10-04-2022,25.2,32,28.2,83,0,7.6,5,180,1,C 
11-04-2022,24.6,33,29,79,0,7.6,4,180,1,C 
12-04-2022,25.2,32.2,28.6,79,0,10.4,5,180,1,C 
13-04-2022,24,33.4,28.7,78,0,10.1,7,110,1,C 
14-04-2022,24.4,33.1,28.8,75,0,9.9,6,90,1,C 
15-04-2022,25,33.4,29.3,82,0,10.5,5,120,1,C 
16-04-2022,25.4,32.8,28.7,82,0,10.3,9,290,1,C 
17-04-2022,25.2,32.5,28.9,84,0,7.6,6,110,1,C 
18-04-2022,25.5,28.8,26.3,94,0,8,8,60,1,C 
19-04-2022,24.6,31.2,27.1,90,43.1,0.1,6,160,2,C 
20-04-2022,24.8,30.4,27.3,88,4,2.5,6,120,2,C 
21-04-2022,25.6,31,27.7,88,2.5,4.4,11,290,2,C 
22-04-2022,25,32.8,28.6,85,0.6,3.4,9,110,2,C 
23-04-2022,25.8,32,28.6,86,0,7.3,8,120,2,C 
24-04-2022,25.4,32.6,28.9,83,0,9,8,110,2,C 
25-04-2022,25.6,33.3,29.9,79,1,9.3,7,120,2,C 
26-04-2022,26,32.6,28.8,82,0.5,8.6,8,100,1,C 
27-04-2022,25.2,31.8,27.1,90,0,6.8,9,110,1,C 
28-04-2022,25.2,31.4,27.6,90,57.7,2.5,9,110,1,C 
29-04-2022,25,30.8,27.2,91,32.5,5.8,7,90,1,C 
30-04-2022,25.4,32.4,27.6,89,14,3.8,8,140,2,C 
01-05-2022,24.8,31.2,28,89,14.5,5.7,9,120,3,SE
02-05-2022,26.2,33.6,30.1,78,0,3.5,9,130,3,SE
03-05-2022,26.2,33,29.5,83,0,10.6,9,110,2,C 
04-05-2022,26.4,32.4,29.8,78,0,9.7,6,150,1,C 
05-05-2022,25.7,33,29,80,0,6,9,140,1,C 
06-05-2022,25.6,33,28.7,87,11.8,5.4,8,130,2,C 
07-05-2022,26.3,32.2,29.7,82,8888,4.3,7,110,2,SE
08-05-2022,26.6,31.2,28.7,84,0.1,8.7,12,90,3,SE
09-05-2022,25,28.6,26.6,94,56.3,2.4,8,110,1,C 
10-05-2022,25,32.6,27.7,88,1,0,10,120,1,C 
11-05-2022,25.6,32.4,29.3,85,0,4.7,8,110,2,C 
12-05-2022,25.4,32.8,28.2,85,1,7.2,11,270,1,C 
13-05-2022,25.8,32.6,28.7,86,0.8,7.2,5,210,1,C 
14-05-2022,26,33.2,29.7,82,0,5.9,6,110,2,C 
15-05-2022,26.5,32.4,29.1,84,0,9.6,6,170,2,C 
16-05-2022,25.6,32.4,28.9,83,0,7.4,4,180,0,C 
17-05-2022,25.6,32.2,28.8,83,0,9,5,120,1,C 
18-05-2022,25,32,28.9,84,5.5,6.9,7,120,3,SE
19-05-2022,26.6,31.4,28,87,6.2,6.2,4,90,1,C 
20-05-2022,25,29.6,26.7,90,4.2,3.2,8,160,1,C 
21-05-2022,25,31.4,27.5,87,4,1.2,5,180,1,C 
22-05-2022,25.2,32.7,29.2,81,1,5.2,9,120,3,SE
23-05-2022,26.3,32.8,29.9,74,0,6.9,9,110,4,E 
24-05-2022,27.4,32.4,30,79,0,9.8,6,120,2,SE
25-05-2022,26.8,32.8,28.9,82,8888,8.4,8,120,3,C 
26-05-2022,23,29.4,27.1,80,116.4,5.6,6,270,1,C 
27-05-2022,23.4,31.8,27.2,88,11.5,0,7,120,2,C 
28-05-2022,23.8,32.1,27.5,89,2.9,3.5,6,120,1,C 
29-05-2022,25.8,31,28.3,86,2,6.4,5,200,1,C 
30-05-2022,24.6,33,28.8,84,0,7.4,6,310,1,C 
31-05-2022,24.6,33,28.5,85,0,9.6,7,120,1,C 
01-06-2022,25.2,29.4,27.2,86,0,10.2,6,180,1,C 
02-06-2022,24.2,32.4,28.3,80,1,0.3,6,160,1,C 
03-06-2022,25.6,30.8,27.8,83,0,8.4,6,180,1,C 
04-06-2022,25,32.8,28.2,85,0,4.7,8,130,1,C 
05-06-2022,25.4,30.4,27,88,2,7.5,6,360,1,C 
06-06-2022,24.2,31.4,27.4,87,10.8,1,7,110,2,C 
07-06-2022,24.6,32.4,28.2,86,0,7.2,7,110,2,SE
08-06-2022,25.9,32.4,28.7,86,1,8.9,9,110,3,E 
09-06-2022,24.6,32,28.4,85,3.3,8,6,90,2,C 
10-06-2022,24.2,31.4,27.6,88,28.6,6.3,7,100,2,C 
11-06-2022,25.2,32.4,29.3,81,8888,6.5,8,150,1,C 
12-06-2022,25,32.6,28.2,85,0,9.9,8,150,2,C 
13-06-2022,25.8,31.8,28,83,3,8.3,8,120,1,C 
14-06-2022,25.4,29.2,26.9,91,42.9,4,5,180,2,C 
15-06-2022,24.2,31.6,28.3,84,19.1,0.6,10,110,3,E 
16-06-2022,26,31.4,27.7,88,1.9,6,9,140,3,C 
17-06-2022,24.8,31,28,85,11.6,5.7,4,150,1,C 
18-06-2022,24.6,31,27.7,86,8888,7.2,6,130,1,C 
19-06-2022,23.6,31.1,26.9,87,17.7,7.8,8,130,1,C 
20-06-2022,24.8,31.8,28.5,82,1.6,4.4,8,120,3,SE
21-06-2022,25.2,31.4,28.6,78,0,10.2,7,140,3,SE
22-06-2022,26.2,31.6,28.8,71,0,10,8,150,3,SE
23-06-2022,26,31.8,29.3,75,0,10.1,8,130,3,SE
24-06-2022,25.6,31.8,28.6,78,0,4.5,7,190,3,SE
25-06-2022,26,30.4,28,79,0,9.6,5,120,2,C 
26-06-2022,25.8,31.6,29.1,76,0,3.7,8,80,2,C 
27-06-2022,24.8,31.5,28,83,2.5,7,10,120,4,SE
28-06-2022,26,31.2,28.2,73,0,9.4,8,130,3,SE
29-06-2022,26.2,31.6,28.4,73,0,9.6,5,150,1,C 
30-06-2022,23.6,31.7,29.6,72,0,8.2,8,150,4,SE
01-07-2022,25.2,31.8,29.2,72,0,9.3,9,120,4,SE
02-07-2022,25.8,30,27.9,86,1.6,8.6,8,140,3,SE
03-07-2022,26,32.4,29.1,80,4.8,3.2,8,90,4,SE
04-07-2022,26.6,30.8,28.9,84,0,8.2,8,150,1,C 
05-07-2022,24.8,31.6,28,87,6.5,2.6,8,210,2,C 
06-07-2022,24.7,32,27.3,88,13.2,6,5,110,2,C 
07-07-2022,24.6,31,27.1,82,3,6.5,5,180,2,SE
08-07-2022,24,29.6,26.9,76,0,6.5,6,160,2,SE
09-07-2022,23.2,31,26.9,78,0,9.6,5,120,2,SE
10-07-2022,24.8,31.6,28.2,77,0,10.2,9,90,3,SE
11-07-2022,25.4,30,27.6,86,6.4,9.2,11,120,3,SE
12-07-2022,25.2,30.8,27.3,88,0.6,5.2,9,120,2,SE
13-07-2022,25.8,32,28.2,83,6,3.5,9,140,3,SE
14-07-2022,25.8,31.6,27.9,85,0,7,7,90,3,SE
15-07-2022,25.4,29,27.6,84,3,2.3,9,150,3,SE
16-07-2022,25.6,31,27.9,81,0,0,6,170,3,SE
17-07-2022,25.8,31.8,27.9,80,0,7.4,8,150,3,SE
18-07-2022,24.4,30.8,28.1,79,8888,4,8,150,3,SE
19-07-2022,25,32,27.6,79,0,8.2,7,150,3,SE
20-07-2022,24,30,27.2,79,0,10,7,110,3,SE
21-07-2022,26.2,31.8,28.7,71,0,10.2,9,150,3,SE
22-07-2022,25.8,31.8,28.8,75,0,9.3,7,160,2,C 
23-07-2022,24.6,31.2,27.8,82,0,9.1,6,150,3,SE
24-07-2022,25,30.4,27.6,72,0,10.3,12,120,5,SE
25-07-2022,24,30.3,27.3,64,0,10.3,8,180,3,SE
26-07-2022,21.6,31.6,26,78,0,10.1,6,160,2,C 
27-07-2022,25,32.4,28.8,75,0,10,6,130,3,SE
28-07-2022,24.8,31.4,28.2,79,0,10.2,8,140,3,SE
29-07-2022,24,29.8,27.8,78,0,9.8,9,130,3,SE
30-07-2022,23.2,30.2,26.8,78,0,8.8,5,150,3,SE
31-07-2022,23.6,31.4,27.6,76,0,10.3,6,190,2,C 
01-08-2022,23.6,31.8,27.3,82,0,9.5,7,110,3,SE
02-08-2022,24.4,30.4,28.2,85,8888,5,7,150,3,SE
03-08-2022,25,31.6,28.1,83,14.5,2.8,8,100,2,SE
04-08-2022,25.4,32,28.4,74,0,9.5,10,120,3,SE
05-08-2022,24.7,31.6,28.1,68,0,10,7,150,2,C 
06-08-2022,22,31.4,26.8,78,0,10,4,110,1,C 
07-08-2022,23.2,30.6,27.2,82,0,9.9,6,190,2,S 
08-08-2022,24.4,31.8,28,79,0,9.2,8,160,3,C 
09-08-2022,23.8,32.2,29.3,68,0,10,6,190,3,SE
10-08-2022,25.8,31.4,27.7,82,0,8,6,110,2,SE
11-08-2022,26,32.4,29.1,78,0,2,8,140,4,SE
12-08-2022,26,32.6,29.1,80,1.1,9.9,9,120,3,E 
13-08-2022,26.2,32,28.4,84,0,8.5,9,130,3,C 
14-08-2022,24.4,31.8,28.5,84,3,5.6,11,130,3,C 
15-08-2022,26,31.8,27.4,89,8888,7.5,9,120,2,C 
16-08-2022,23.8,32,28.4,81,1,6.9,10,110,4,SE
17-08-2022,25.4,31.8,28.8,72,1.7,10.1,7,110,4,SE
18-08-2022,25.8,32.2,28.8,73,0,8.5,7,150,4,SE
19-08-2022,25.6,31.2,28.6,73,0,9.7,8,130,4,SE
20-08-2022,26,31,28.3,70,0,9.9,10,110,5,SE
21-08-2022,26.4,31.4,28,74,8888,10.3,6,120,4,SE
22-08-2022,24.6,31.8,28.3,74,8888,9.7,9,130,4,SE
23-08-2022,25.2,31.8,28.7,70,0,9.3,7,130,4,SE
24-08-2022,25.4,31,28.1,69,0,10.1,8,170,4,SE
25-08-2022,26.2,32.4,28.8,68,0,10.1,6,180,3,SE
26-08-2022,25.2,32.4,28.8,74,0,9.6,10,110,4,SE
27-08-2022,26,32.2,28.9,75,0,9.2,9,120,4,SE
28-08-2022,24.8,32.6,28.1,77,0,10.2,6,180,2,C 
29-08-2022,23.7,31.2,28.2,75,0,10.1,8,140,3,C 
30-08-2022,24,32.3,28.5,79,0,10.1,8,130,2,C 
31-08-2022,25,32.8,28.7,80,0,10,9,110,3,SE
01-09-2022,25.6,33,29.2,76,0,9.4,8,150,3,SE
02-09-2022,25.6,33,29.1,75,0,10.5,6,150,2,SE
03-09-2022,24.7,32.4,28.2,78,0,10.1,6,150,2,C 
04-09-2022,25.4,33.4,29.6,70,0,10.3,8,110,2,SE
05-09-2022,25.2,31.6,28.1,78,0,6.6,3,170,1,C 
06-09-2022,25.4,32.8,29.3,78,0,3.2,7,180,3,SE
07-09-2022,26.4,33,29.5,78,3,9.5,10,120,5,SE
08-09-2022,26.8,32.6,29.7,74,0,8.2,8,130,2,C 
09-09-2022,25.6,31,27.6,84,0,7,5,320,1,C 
10-09-2022,24,32.4,28.1,80,0,1.8,6,180,1,C 
11-09-2022,24.4,32.4,28,82,0,9.5,8,120,2,C 
12-09-2022,24.2,32.6,28.9,78,0,8.8,6,90,3,SE
13-09-2022,25.9,33.2,29.4,70,0,10.4,9,120,4,SE
14-09-2022,24.6,33,29.7,68,0,10.1,7,150,3,SE
15-09-2022,25.4,33.2,28.9,76,0,10.4,8,120,3,C 
16-09-2022,25.4,32.7,29.4,72,0,9.5,8,110,3,SE
17-09-2022,23.8,32.2,28,76,0,8.2,7,180,3,SE
18-09-2022,24.2,33,29.5,67,0,10,5,60,3,SE
19-09-2022,24.6,33.2,28.8,74,0,9.1,8,100,2,C 
20-09-2022,24.2,33,28.6,74,0,10,5,120,2,SE
21-09-2022,25.4,32.8,29.9,70,0,5.7,6,130,2,SE
22-09-2022,26.2,32.8,30,72,0,5.4,6,180,3,SE
23-09-2022,26.4,33,30.2,71,0,10.1,5,150,2,SE
24-09-2022,25.4,33.2,29.1,74,0,10.6,6,180,2,C 
25-09-2022,25.6,34,29.7,72,0,10.3,6,150,3,C 
26-09-2022,25.6,33.2,29.7,73,0,10.3,6,180,3,S 
27-09-2022,26,33.2,29,73,0,10.4,6,160,3,S 
28-09-2022,25.4,32.6,29.1,74,0,10.1,7,170,3,SE
29-09-2022,25.2,33.4,29.5,74,0,10.5,9,90,2,E 
30-09-2022,26.4,31.3,28.7,82,0.1,9.5,7,140,2,C 
01-10-2022,24,32,27.7,85,7.7,7.7,6,180,1,C 
02-10-2022,25.4,31.9,28.1,81,0,6.2,6,180,1,C 
03-10-2022,24.8,31.2,28,86,8888,5.9,5,160,1,C 
04-10-2022,25,33.6,29.8,72,3.6,4.5,7,80,2,C 
05-10-2022,25.2,32,28.5,81,0,7,6,330,1,C 
06-10-2022,25.6,30.8,27.3,85,8888,2.8,9,60,2,C 
07-10-2022,24,31.8,28.6,80,5.5,0,5,190,1,C 
08-10-2022,25.1,33.1,29.2,80,0,6.2,5,180,1,C 
09-10-2022,25,33.2,29.1,80,0,6.5,5,170,1,C 
10-10-2022,24.6,32.7,28.6,78,0,7.1,7,320,1,C 
11-10-2022,26.2,33,28.4,81,0,7.4,8,310,2,C 
12-10-2022,24.8,33.4,28.9,76,0,2.7,6,80,2,C 
13-10-2022,25.4,32.6,29.4,74,0,9.8,5,120,2,C 
14-10-2022,25.6,33.8,29.3,78,0,6.5,8,140,3,SE
15-10-2022,26.2,33,29.9,78,0,8.7,7,180,3,S 
16-10-2022,26.6,32.8,29.7,78,0,8.8,5,180,2,C 
17-10-2022,25.8,33,29.8,75,0,6.4,4,180,1,C 
18-10-2022,25.8,29.4,27.6,86,8888,6.8,9,300,1,C 
19-10-2022,25.2,31,28.4,83,2.5,0,5,240,1,C 
20-10-2022,24.6,32.6,29,80,8888,3,4,120,1,C 
21-10-2022,25.6,30.4,28.5,85,8888,4,8,270,2,C 
22-10-2022,23.6,32.4,28.3,83,52.6,3.5,3,360,1,C 
23-10-2022,25,33,29.2,77,0,9.9,9,340,2,C 
24-10-2022,25,32,28.1,85,0,10,9,320,1,C 
25-10-2022,24.9,31.8,27.7,86,0.6,4.7,9,50,2,C 
26-10-2022,25.4,31.4,27.5,87,3.3,5.4,9,230,2,C 
27-10-2022,24.2,30.4,28,84,76.1,1.5,4,120,1,C 
28-10-2022,24.8,31.4,28.5,78,1,0,6,240,2,C 
29-10-2022,25,31.8,28.4,77,1,8.6,5,280,1,C 
30-10-2022,24.2,32,28.2,78,0,8.2,6,150,2,C 
31-10-2022,25.2,31.6,29,75,0,7.7,4,260,2,C 
01-11-2022,25,33,29.3,75,0,9.6,7,90,2,C 
02-11-2022,25.2,33.4,29.7,76,0,9.2,6,120,2,C 
03-11-2022,25.6,33.7,30.3,77,0.2,10.8,9,130,2,SE
04-11-2022,27,33,30.6,74,0,10.8,6,190,2,C 
05-11-2022,25.6,33.8,29.5,82,0,8.8,5,180,1,C 
06-11-2022,26,30.8,27.8,86,1,9.4,3,340,0,C 
07-11-2022,24.6,29.8,26.6,91,30.7,2.6,8,310,1,C 
08-11-2022,24.2,31,26,91,44.5,0.3,7,300,1,C 
09-11-2022,24.4,33,27.2,90,1,5.7,7,60,1,C 
10-11-2022,25.2,30.4,28.1,85,30.9,2,8,330,1,C 
11-11-2022,25,30.4,28.3,84,8888,4.2,4,120,1,C 
12-11-2022,24.6,31.9,27.8,88,8888,2.5,8,50,1,C 
13-11-2022,25,32.4,28.2,89,3.8,1.5,8,130,1,C 
14-11-2022,25.8,32.6,28.1,89,5.8,3,10,290,1,C 
15-11-2022,25.2,30.4,28.8,85,2.5,9.6,8,300,1,C 
16-11-2022,25.2,30,28,84,3.2,4.1,10,320,2,C 
17-11-2022,25.1,32.2,28.5,84,0,1.8,8,300,2,C 
18-11-2022,24.4,30.8,28.1,84,0.8,3.6,5,90,0,C 
19-11-2022,24,29.8,25.6,92,16.2,0,10,330,1,C 
20-11-2022,23,30.6,27.4,87,26.7,1,8,190,1,C 
21-11-2022,24.2,30.8,27.6,86,8888,5.2,4,180,1,C 
22-11-2022,24.8,30.8,27.8,90,2.8,2.5,3,180,1,C 
23-11-2022,24.4,31.8,27.9,84,10.3,5,3,330,0,C 
24-11-2022,25.2,30.4,26.6,91,8888,1.4,9,110,1,C 
25-11-2022,24.4,30.4,26.6,93,62.8,3.6,6,130,1,C 
26-11-2022,-,30.8,27.1,88,8.7,3,5,200,1,C 
27-11-2022,24.6,31,26.9,90,3,4.7,9,320,1,C 
28-11-2022,24.4,31,27.4,88,13.1,3.9,5,140,1,C 
29-11-2022,24.8,30.6,27,88,8.6,2.6,4,180,1,C 
30-11-2022,25.2,31,26.6,88,3.4,5,6,350,1,C 
01-12-2022,24.2,31.4,28.6,80,4.4,0.9,5,210,1,C 
02-12-2022,24,29.6,27.4,87,0,6.4,7,300,1,C 
03-12-2022,24.4,32.8,28.9,79,0.5,3.4,4,120,1,C 
04-12-2022,24.6,33,28.3,85,0,10.6,3,300,1,C 
05-12-2022,24.2,30.9,28,86,8.6,6.7,5,130,1,C 
06-12-2022,24.2,32.4,28.5,84,1,3.6,4,350,1,C 
07-12-2022,25,31.8,28.8,82,4.8,7,5,190,1,C 
08-12-2022,24,32.6,29.5,78,0,9.7,5,190,1,C 
09-12-2022,26,33.8,30.5,69,0,11.5,6,140,2,C 
10-12-2022,25.6,32.4,29.8,72,0,11.1,6,290,2,C 
11-12-2022,25,33.6,29.8,77,0,11.4,4,170,1,C 
12-12-2022,25,33.2,29,81,2,11.5,7,330,1,C 
13-12-2022,26.2,33.4,29.7,79,0,7.1,8,150,1,C 
14-12-2022,25.6,33.8,28.2,84,5,8,8,290,1,C 
15-12-2022,24.4,31.6,27.7,84,0,5.8,5,190,1,C 
16-12-2022,25,29.6,27,86,0,6.8,4,330,1,C 
17-12-2022,24,31.2,28,81,0.2,0,4,120,1,C 
18-12-2022,24.2,32.8,29.5,78,0.1,1.5,4,210,1,C 
19-12-2022,25.8,32.5,29.1,80,8888,8.4,5,150,2,C 
20-12-2022,24.2,32.6,29.3,78,0,8.3,5,200,1,C 
21-12-2022,25,32,28.1,86,1,10.4,12,330,2,NW
22-12-2022,25.8,31.4,28.3,82,1,4,10,310,4,NW
23-12-2022,25,33.4,28.3,76,0,0.4,15,320,7,NW
24-12-2022,23.2,31.6,28.1,75,6.5,2.7,11,300,3,NW
25-12-2022,25,31.8,28,82,2,0,12,310,5,NW
26-12-2022,24.8,29.2,27.3,83,0.8,0.3,5,310,3,NW
27-12-2022,24,29.2,27.2,84,0.4,0.3,10,320,4,NW
28-12-2022,24,32.6,28.2,79,8888,0,12,320,4,NW
30-12-2022,24,26.2,25.4,91,24.2,0.2,10,320,4,NW
31-12-2022,23.4,26.2,24.3,97,28.3,0,13,300,4,NW
01-01-2023,23.6,29.6,26.5,86,74.9,0,13,320,5,NW
02-01-2023,24.4,31.2,27.7,83,2.9,0,16,300,7,NW
03-01-2023,24.4,33.4,28.7,78,2.7,7.2,9,310,6,NW
04-01-2023,25.8,33.6,29,74,0,5.8,13,300,6,NW
05-01-2023,25.6,33.4,29.3,74,0,8.8,5,280,2,C 
06-01-2023,24.2,31.8,28.3,80,10.7,7.4,5,180,1,C 
07-01-2023,24.2,32.4,28.7,80,0,8.6,5,160,1,C 
08-01-2023,24.4,32,28.3,79,8888,10,4,330,1,C 
09-01-2023,24.4,32.2,28.4,84,0,4.9,6,140,1,C 
10-01-2023,24.8,32.6,28.9,80,1,6.6,3,200,0,C 
11-01-2023,24.6,32.1,29.1,80,0,7,4,150,1,C 
12-01-2023,24.6,32.6,28.2,82,0,10.1,4,180,1,C 
13-01-2023,23,31.4,27.4,84,5.1,9.9,9,270,1,C 
14-01-2023,24.6,32.6,27.3,82,0.1,5.8,7,180,2,NW
15-01-2023,26,33.8,29.3,77,17.9,9.2,7,320,3,NW
16-01-2023,25.4,32.2,28.2,82,6.8,10.9,8,290,2,C 
17-01-2023,26,32.8,28.3,81,0,1,10,320,3,C 
18-01-2023,24.9,32.6,28.5,80,0,6.5,8,230,2,NW
19-01-2023,24.8,31.6,27.4,83,8888,3.2,6,330,1,NW
20-01-2023,23.6,31,26.7,91,21.6,0.1,6,230,1,C 
21-01-2023,22.6,31,27.2,88,3.2,3.2,4,30,1,C 
22-01-2023,25.4,30.4,27.2,88,0.1,6.5,6,130,1,C 
23-01-2023,24,32.6,28.4,84,24,5.7,6,90,1,C 
24-01-2023,24.2,32.4,28.5,77,1,10,4,310,1,C 
25-01-2023,25.6,31.6,27.5,88,0.5,7.4,6,310,2,NW
26-01-2023,25,29.8,26.6,90,29,3,5,300,1,C 
27-01-2023,24,31.2,27.3,84,0.7,0,8,320,3,NW
28-01-2023,22.4,29.8,26.7,86,1.6,0.6,10,360,3,NW
29-01-2023,24.8,31.8,27.2,87,8888,0,8,220,2,C 
30-01-2023,23.2,32.8,27.7,86,7.4,2.3,7,200,2,C 
31-01-2023,25.5,31.4,27.6,88,8888,1.8,6,340,2,C 
01-02-2023,23.6,30.4,27.7,83,26.5,1.2,5,250,2,C 
02-02-2023,24,32,26.2,95,12.3,2.5,6,290,1,C 
03-02-2023,23.2,30.2,26.8,88,98.8,0,8,300,2,NW
04-02-2023,23,30,27.5,86,0,0.8,7,300,3,C 
05-02-2023,24,30.4,27.8,87,0,1.2,9,280,2,C 
06-02-2023,23.8,30.2,27.1,88,31.3,0,10,320,2,NW
07-02-2023,22.8,30.6,27,90,3.4,2.6,12,330,4,NW
08-02-2023,24,29.4,27.3,84,8888,0.6,12,330,4,NW
09-02-2023,24,30.6,27.7,86,8888,0.6,10,330,4,NW
10-02-2023,23.9,30.4,27.1,89,6.2,3.3,6,310,1,C 
11-02-2023,23.4,31.4,28.1,80,0,1.8,11,310,3,C 
12-02-2023,24,31.4,27.8,85,8888,1.6,4,300,1,C 
13-02-2023,22.8,31,26.9,89,22.7,1.9,4,180,1,C 
14-02-2023,24.4,31.2,27.4,85,3.5,1.5,10,300,3,NW
15-02-2023,23.4,31,27.2,88,0,5.9,5,310,2,C 
16-02-2023,22.6,30.8,26.8,89,14.6,2.9,6,290,2,C 
17-02-2023,24.2,32.2,27.9,84,13,0.9,8,310,4,NW
18-02-2023,25.6,31.8,27.8,85,1,3.9,6,310,2,C 
19-02-2023,24.4,32.6,27.6,88,29,4.4,8,100,1,C 
20-02-2023,24,30.8,26.9,92,52,6.6,4,120,2,NW
21-02-2023,22.8,31.4,26.6,90,51.9,5.7,4,260,2,NW
22-02-2023,25,31.8,28.1,83,15.3,5.5,11,290,5,W 
23-02-2023,25,30,27.8,83,0,10.5,8,280,4,W 
24-02-2023,23.8,31.8,28.5,80,0,0.6,14,190,4,S 
25-02-2023,24.4,31.9,28,81,0.7,6.5,14,160,6,W 
26-02-2023,24,30,27.7,83,0,7.7,11,290,4,W 
27-02-2023,24,29.8,27.4,84,0,4.6,12,290,4,W 
28-02-2023,23.6,31.5,27.9,83,1.3,6.1,7,300,4,W 
01-03-2023,24.4,30.6,26.1,88,3.6,3.5,4,320,2,NW
02-03-2023,24.6,27.4,25.8,90,17,2.5,6,320,3,NW
03-03-2023,23.8,30.8,26.3,90,17,2,4,170,2,NW
04-03-2023,24,30,26.5,88,24.2,3.3,5,160,2,NW
05-03-2023,24.8,31,26.6,90,0,4.8,3,240,1,C 
06-03-2023,24.2,32,27.4,88,23.3,4.5,3,280,1,C 
07-03-2023,25,32,27.8,84,0,5.2,5,350,1,C 
08-03-2023,25.2,31.2,27.9,85,0,9.8,5,200,1,C 
09-03-2023,24.4,32.4,28,84,0,7.8,4,330,0,C 
10-03-2023,25,32.8,28.3,83,0,9.5,4,140,1,C 
11-03-2023,25.2,33.4,29.1,81,0,7.9,6,120,0,C 
12-03-2023,24.3,31.4,27,90,0,6.2,8,70,1,C 
13-03-2023,25.2,30.8,27.4,87,54.1,1.4,7,120,1,C 
14-03-2023,24.6,32,27.1,90,8888,2.1,4,350,1,C 
15-03-2023,24.8,32.2,28,83,12.7,3.7,5,130,2,C 
16-03-2023,25.2,32,28.4,85,0,10.3,4,180,1,C 
17-03-2023,24.4,32.6,28.9,83,0,6.6,5,100,1,C 
18-03-2023,25,32.6,28.1,85,0,8,7,140,2,C 
19-03-2023,24.8,32.6,28.7,81,0,8.9,7,130,2,C 
20-03-2023,25.6,33.2,29.1,82,0,10,8,130,2,C 
21-03-2023,25.2,32,28.3,86,20,8.8,4,210,1,C 
22-03-2023,25.4,32.4,27.9,89,0,7.9,0,0,0,C 
23-03-2023,25,32,27.5,90,33.1,4.9,7,300,0,C 
24-03-2023,24.8,33,28.9,84,13.3,7,3,330,2,NW
25-03-2023,25.2,31.2,28.1,87,0,10.9,4,300,1,NW
26-03-2023,25.7,31.2,26.9,88,3,6,5,310,2,N 
27-03-2023,24.5,31.8,27.8,82,0,1.2,8,320,3,NW
28-03-2023,25,30.8,26.5,93,0,9.3,11,300,2,N 
29-03-2023,24.9,30.2,27.3,92,40.5,3.5,4,60,2,NW
30-03-2023,25.2,31.4,27.6,88,7.1,3.4,5,180,2,N 
31-03-2023,25.4,30.9,26.8,90,2.8,5.2,5,280,2,NW
01-04-2023,24.2,31,27.3,88,4.2,2.2,5,290,2,NW
02-04-2023,24.6,31.2,27.2,87,1.5,0.5,4,20,2,NW
03-04-2023,25.4,33.8,26.7,93,10,3.5,5,210,1,C 
04-04-2023,25,30.5,27.3,88,9.5,2.6,3,340,1,C 
05-04-2023,25,30.8,27.3,89,8888,0.3,6,80,1,C 
06-04-2023,25.4,31.4,28.4,85,0,4.4,4,330,1,C 
07-04-2023,25.6,31.4,28.1,84,0.4,7,6,310,1,C 
08-04-2023,24.8,32.2,27.6,86,0,1.5,5,200,1,C 
09-04-2023,24.4,32.2,28.1,84,1.6,6.6,5,300,2,NW
10-04-2023,24.2,33.2,27.9,84,2,6.6,10,310,2,C 
11-04-2023,24.8,32,27.9,83,8888,6.5,5,200,1,NW
12-04-2023,25,31.6,27.6,90,0,7.6,3,170,1,C 
13-04-2023,24.8,30.2,27,90,5.3,2.6,2,160,1,C 
14-04-2023,24.6,31,27.7,88,1,0.2,3,160,1,E 
15-04-2023,25,32.4,27.6,90,0,4,8,300,2,C 
16-04-2023,24.6,32.4,28.2,88,55.9,5,6,90,1,C 
17-04-2023,25.4,30.6,28,88,0,6.7,4,160,0,C 
18-04-2023,25.6,32,28.9,86,0.6,5.4,5,120,1,C 
19-04-2023,26.4,32.7,29.4,79,0,8,5,170,2,SE
20-04-2023,26.7,32.2,29.3,80,0,10.6,4,110,2,SE
21-04-2023,25.6,31.6,28.4,87,2,9.1,8,120,2,E 
22-04-2023,26.2,32.2,29.5,82,1.3,4.9,6,120,3,E 
23-04-2023,26.1,32.2,29.3,80,0,9.5,5,100,3,SE
24-04-2023,26.6,32.6,29.8,77,0,9.9,9,130,2,C 
25-04-2023,25.2,32.4,28.8,84,0,10.2,7,140,2,E 
26-04-2023,26.1,32.4,29.3,82,0,8.3,10,150,2,C 
27-04-2023,26.4,32.6,29.6,82,0,6.7,5,170,1,C 
28-04-2023,26.6,30.2,28.3,89,0,7.6,7,40,1,C 
29-04-2023,25,29.2,26.6,93,3.7,0.4,6,300,1,C 
30-04-2023,24.8,31.8,28.5,85,13.4,0.2,4,100,1,C 
01-05-2023,25.6,32.2,28.4,87,0,7.8,7,120,1,C 
02-05-2023,26,32.7,29.6,81,5,6.4,6,100,2,E 
03-05-2023,25,32.8,30.2,76,1.5,6.4,9,100,3,SE
04-05-2023,26.2,32.6,29.6,82,0,9.3,7,130,2,C 
05-05-2023,26.2,33.2,29.7,80,1,8.7,8,160,2,C 
06-05-2023,27,32.1,28.8,85,0,9.6,6,200,1,C 
07-05-2023,26.8,32.2,29.3,82,0,4.5,4,180,3,SE
08-05-2023,26,32.4,29.1,78,0,11.7,4,140,1,C 
09-05-2023,24.6,29.7,27.3,90,0,9.3,10,120,1,C 
10-05-2023,24.8,29.2,26.8,93,40.5,0.2,6,120,2,E 
11-05-2023,26.2,28.5,27.8,92,8.6,0.9,11,140,2,C 
12-05-2023,26.2,32.2,29.1,85,23.7,0,9,160,4,SE
13-05-2023,25.8,31.6,28.6,82,0.8,9.4,9,150,4,S 
14-05-2023,24.8,31.4,27.8,76,0,9.8,6,160,2,C 
15-05-2023,24.9,31,28.2,75,0,10.7,6,160,2,C 
16-05-2023,24.9,31.4,27.8,78,0,10.8,5,110,2,E 
17-05-2023,24.6,32.2,27.6,82,0,9.6,4,170,2,C 
18-05-2023,25.6,30.4,27.9,83,0,8,7,170,2,C 
19-05-2023,25.8,31.2,28,82,0,8.8,5,200,1,C 
20-05-2023,25.9,31.9,28.7,78,0,9.2,5,110,3,E 
21-05-2023,24.8,31.6,28.6,78,0,9.6,8,110,4,SE
22-05-2023,25.8,31.6,28.7,74,0,9.3,5,170,2,C 
23-05-2023,25.6,31.4,28.4,76,0,10.4,5,140,2,SE
24-05-2023,25.2,32.2,29.1,78,0,9.2,8,130,3,SE
25-05-2023,26.2,32.1,28.9,74,0,10.2,9,130,2,C 
26-05-2023,25,32,28.1,77,0,10.3,8,150,3,E 
27-05-2023,25,31.6,28.4,73,0,9.9,5,140,3,SE
28-05-2023,25.6,31.2,28.3,72,0,10.3,9,160,3,SE
29-05-2023,25,31.8,27.9,74,0,9.9,9,160,3,SE
30-05-2023,24.4,32,28.4,79,0,10.3,8,150,3,SE
31-05-2023,26,30.8,28.1,81,0,10.2,8,150,3,SE
01-06-2023,24.6,31.6,28.4,78,0,10.1,7,170,3,SE
02-06-2023,25.2,32,28,78,0,9.9,6,140,2,SE
03-06-2023,26,32.4,28.7,78,0,3,9,130,3,SE
04-06-2023,25.2,32.4,28.8,78,0,10.3,5,160,2,SE
05-06-2023,25.4,31.5,28.4,80,0,10.1,7,170,2,E 
06-06-2023,25.2,32,28.8,79,0,8.7,8,150,4,SE
07-06-2023,26,31.2,28.6,80,0,10.2,5,140,4,SE
08-06-2023,27.2,31,28.7,78,0,6.6,6,120,2,SE
09-06-2023,24.4,32.4,28.1,81,0,10.2,5,200,2,C 
10-06-2023,24,32.6,28,82,0,10.3,7,110,3,SE
11-06-2023,26.3,32.2,28.9,80,1.5,11,7,100,3,SE
12-06-2023,26,32,28.3,84,5.6,6.6,6,130,4,E 
13-06-2023,26.5,32.2,29,75,22.5,5.8,9,130,4,E 
14-06-2023,26.2,30.7,28.3,74,0,8.7,8,170,3,SE
15-06-2023,26.5,31.8,27.6,78,0,8.7,7,100,2,SE
16-06-2023,24.2,31,27.1,83,0,6.6,4,170,2,C 
17-06-2023,23.4,31.5,28.1,80,0,7.6,5,110,2,SE
18-06-2023,22.6,31.6,27.2,82,0,10.1,8,120,2,C 
19-06-2023,23.4,30.6,27.1,84,0,10.2,6,190,1,C 
20-06-2023,24,32.4,27.9,82,0,10.3,5,90,1,SE
21-06-2023,25.4,32,29,79,0,10,9,170,3,SE
22-06-2023,24.9,32,28.9,74,0,10.2,8,160,3,E 
23-06-2023,24.4,32.2,27.6,78,0,10.3,5,80,2,C 
24-06-2023,23,31.4,26.9,83,0,10.4,6,140,2,C 
25-06-2023,23.4,31.7,27.1,82,0,7,8,140,2,C 
26-06-2023,23.6,30.4,27,85,0,9.7,5,180,2,C 
27-06-2023,23.9,32.4,27.9,79,0,6,5,100,2,C 
28-06-2023,24.8,32,28.3,78,0,10.2,5,120,2,SE
29-06-2023,24.4,32,28,80,0,9.7,9,170,3,E 
30-06-2023,24.8,31.7,28.3,80,0,10.1,6,120,2,SE
01-07-2023,25.4,32,28.2,83,0,10.3,5,190,3,S 
02-07-2023,25.3,31,28.1,81,6,8.7,4,170,2,C 
03-07-2023,26.4,32,28.4,77,0,8.2,4,180,2,SE
04-07-2023,26.4,31.4,28,85,0.5,3.6,5,120,2,SE
05-07-2023,25.8,31.8,28.4,80,0,7,7,150,3,SE
06-07-2023,27,32.8,29.5,79,0,10,5,170,3,SE
07-07-2023,26.6,32,28.8,81,0.7,10.3,8,120,3,SE
08-07-2023,23.8,28.4,25.9,91,22.8,6.5,5,110,2,SE
09-07-2023,24.6,31.4,28.1,83,0.5,0,6,140,3,SE
10-07-2023,25.5,31.4,27.9,82,0,10.3,6,140,4,SE
11-07-2023,24.3,31.6,28.3,70,0,10.3,9,140,2,SE
12-07-2023,24.2,31.6,27.3,75,0,10.2,4,100,2,E 
13-07-2023,25.8,31,27.9,80,0,9.5,5,200,2,SE
14-07-2023,25.8,32,27.9,79,0,6.4,7,140,3,SE
15-07-2023,24.6,31.9,27.5,79,0,3.9,7,130,2,E 
16-07-2023,24.2,30.8,27.5,78,0,9.2,9,150,4,SE
17-07-2023,25,31.6,28.4,69,0,10,8,120,4,SE
18-07-2023,26.5,30.8,28.2,70,0,10.4,7,150,4,SE
19-07-2023,26,32,28.3,69,0,8.9,7,150,3,SE
20-07-2023,24.4,31.6,27.8,66,0,10.2,8,170,3,S 
21-07-2023,23.8,31,27.9,69,0,10.6,8,160,3,S 
22-07-2023,26.2,31.6,28.3,72,0,9.8,7,120,4,SE
23-07-2023,25.6,31.2,27.7,72,0,10.5,7,150,3,SE
24-07-2023,24.6,31.4,27.7,79,0,10.3,8,160,3,SE
25-07-2023,25.4,32,28.6,77,0,8.5,6,120,3,SE
26-07-2023,26.4,31.2,27.8,76,0,9.6,7,170,3,SE
27-07-2023,24,31.2,27.2,74,0,9.8,8,170,4,SE
28-07-2023,24,31,27.9,66,0,10,8,190,3,SE
29-07-2023,25.8,30.2,27.6,68,0,9.5,8,170,4,SE
30-07-2023,25,31.2,27.9,69,0,10.3,7,150,4,SE
31-07-2023,25,30.8,28.2,71,0,10.3,10,120,4,SE
01-08-2023,25.4,32,28.5,78,0,9.3,7,120,4,SE
02-08-2023,25.4,32,28.5,80,0,10.1,9,120,4,SE
03-08-2023,25,31.6,28.3,79,0,9.8,7,130,3,SE
04-08-2023,24,31,27.2,80,0,9.9,8,150,4,S 
05-08-2023,25,32.2,28.6,74,0,10,9,150,4,SE
06-08-2023,25.2,32,28.6,76,0,10.1,9,130,4,SE
07-08-2023,25.4,31.9,28.5,73,0,9.3,9,120,5,SE
08-08-2023,25,31.8,27.8,78,0,9.8,9,140,4,SE
09-08-2023,25,31.4,28.3,69,0,9.9,9,150,4,SE
10-08-2023,24,31.8,27.7,68,0,9.8,9,100,4,SE
11-08-2023,23.4,31.2,27.3,70,0,9.8,8,150,3,SE
12-08-2023,23.8,31.4,27.4,70,0,9.8,7,180,3,SE
13-08-2023,25,31.4,27.8,76,0,9.5,7,180,3,SE
14-08-2023,24.4,31.8,28,73,1,10.1,6,150,3,SE
15-08-2023,24,31.7,27.7,78,0,9.1,8,140,4,SE
16-08-2023,25,32,28.7,69,0,10.2,5,180,4,SE
17-08-2023,26,32.2,28.3,72,0,10.3,5,160,3,SE
18-08-2023,23.4,31.9,28,73,0,10.2,8,150,3,SE
19-08-2023,25,31.2,27.9,76,0,10,9,130,4,SE
20-08-2023,25,32,28.4,75,0,10.3,11,120,4,SE
21-08-2023,25.6,31.4,27.7,77,1,10,10,150,5,SE
22-08-2023,25.8,31.6,28.2,72,0,7.8,10,120,4,SE
23-08-2023,25.6,31.1,27.8,72,0,10.2,9,160,5,SE
24-08-2023,24.8,31.8,27.7,76,0,10,10,130,4,SE
25-08-2023,25.6,32.6,29,70,0,10.5,9,120,4,SE
26-08-2023,24.2,32.5,28.5,70,0,10.1,6,120,3,SE
27-08-2023,25,31.6,27.6,76,0,10.2,8,180,3,SE
28-08-2023,24.4,31.8,28,74,0,10.4,10,120,4,SE
29-08-2023,25.6,32.8,28.6,70,0,10.6,9,130,5,SE
30-08-2023,26,32,28,74,0,10,8,120,4,SE
31-08-2023,25.2,30.8,28.1,75,0,9,6,150,3,SE
01-09-2023,24.8,31.6,27.4,72,0,10.1,9,150,5,SE
02-09-2023,25.8,30.8,27.5,68,0,9.3,6,130,4,S 
03-09-2023,23.8,30.4,27,68,0,8.7,7,130,4,SE
04-09-2023,25.2,31.8,27.8,65,0,10,7,180,4,SE
05-09-2023,24.6,31.6,28.2,69,0,10.4,6,170,4,S 
06-09-2023,26.2,32.6,28.7,75,0,10.4,11,140,4,SE
07-09-2023,25.8,32.4,29,71,8888,10.4,8,140,5,SE
08-09-2023,25.4,32.4,27.8,74,0,10.3,6,190,3,SE
09-09-2023,24.2,31.4,28.3,71,0,9.7,8,120,4,SE
10-09-2023,25.4,32,28.1,73,0,10.1,10,140,4,S 
11-09-2023,26.6,33,29.5,68,0,10.1,9,130,4,SE
12-09-2023,26.4,32.6,29,72,0,10,8,160,3,SE
13-09-2023,25.4,32.6,29,74,0,10.4,8,120,4,SE
14-09-2023,25,32,28.6,74,0,10.4,9,140,5,SE
15-09-2023,26.2,32.4,29,70,0,9.4,10,140,5,SE
16-09-2023,25.3,32.4,28.6,74,0,10.4,6,100,4,SE
17-09-2023,26.4,32.6,28.6,76,0,9.7,8,120,4,SE
18-09-2023,26.3,32.6,29.1,70,0,9.7,9,140,4,SE
19-09-2023,25.4,32.7,28.9,69,0,10.2,8,120,4,SE
20-09-2023,26.4,32,28.9,72,0,10.2,7,160,4,SE
21-09-2023,25.8,32.6,28.9,70,0,10.3,9,140,5,SE
22-09-2023,26,32,27.9,70,0,10.3,6,190,4,S 
23-09-2023,25.2,33.2,28.5,72,0,10.4,6,150,3,SE
24-09-2023,25.2,33.4,29,71,0,10,10,140,4,SE
25-09-2023,24.9,34,29,73,0,10.5,10,140,5,S 
26-09-2023,26,33.8,28.9,64,0,10.6,8,120,4,SE
27-09-2023,25.2,33,29.3,68,0,10.6,7,160,4,SE
28-09-2023,25.8,32.6,29.3,72,0,10.2,9,150,4,SE
29-09-2023,26.4,32.6,29.2,77,0,10.6,6,140,3,SE
30-09-2023,26,33.6,28.8,70,0,10.1,7,90,2,SE
01-10-2023,25,32.2,28.6,76,0,10.1,9,130,3,SE
02-10-2023,25,32.8,28.4,73,0,10.3,8,110,3,S 
03-10-2023,25.4,32.9,29.5,70,0,10.4,8,120,4,SE
04-10-2023,25.4,33.2,29.1,78,0,10.6,5,120,3,SE
05-10-2023,26.6,33.4,30.2,74,0,10.6,8,140,4,SE
06-10-2023,26.8,34.2,29.9,72,0,10.5,6,180,3,SE
07-10-2023,27.1,33.8,30.4,71,0,10.4,6,140,4,SE
08-10-2023,26.2,34,30,73,0,10.5,10,120,5,SE
09-10-2023,26.6,33.4,29.7,75,0,9.6,9,150,3,SE
10-10-2023,26.4,33.8,29.7,72,0,10.4,5,140,2,SE
11-10-2023,27,33.2,29.9,72,0,10.6,5,190,3,SE
12-10-2023,27,33.6,29.7,72,0,10.6,9,140,4,SE
13-10-2023,26.8,34,30.4,73,0,10.7,6,130,4,SE
14-10-2023,26.6,34.4,30.6,70,0,8.7,7,110,3,SE
15-10-2023,26.8,34.6,30.5,70,0,10.1,10,130,4,SE
16-10-2023,27.2,34.4,29.9,76,0,10.6,10,120,4,SE
17-10-2023,25.9,34.6,30,76,0,10.2,8,140,4,SE
18-10-2023,27.2,34.4,30.5,67,0,10.8,7,130,4,SE
19-10-2023,27.2,34.2,30.4,72,0,10.1,9,140,3,SE
20-10-2023,26.4,33.6,30.9,70,0,10.6,7,140,2,SE
21-10-2023,25.4,34,30.2,68,0,10.8,7,130,3,SE
22-10-2023,26.4,33.2,30,76,0,10,8,120,3,SE
23-10-2023,26.4,33.2,29.2,77,0,8.9,10,90,3,C 
24-10-2023,25.6,33.2,30.1,77,0,10.4,10,180,3,S 
25-10-2023,26,33.4,30.2,76,0,10.7,8,140,3,SE
26-10-2023,25.8,34.3,30,75,0,10.6,5,200,2,SE
27-10-2023,26.4,34.2,29.8,78,0,10.7,9,140,3,SE
28-10-2023,25.3,34.4,29.3,79,0,10.4,8,110,3,SE
29-10-2023,25.8,34.4,30.4,72,0,10.7,9,100,3,E 
30-10-2023,26.7,34,30.1,76,0,10.9,7,90,4,SE
31-10-2023,27.4,33.8,30.2,77,0,10.8,8,120,4,SE
01-11-2023,27.6,33.4,29.9,75,0,10.8,6,190,3,SE
02-11-2023,26.6,34.4,30.6,73,0,10.5,6,200,3,SE
03-11-2023,28.2,33.7,30.1,79,8888,10.6,10,130,4,SE
04-11-2023,28,33.2,30.1,76,0,5.9,7,120,2,SE
05-11-2023,27.8,34,30.1,76,1.8,9.7,10,120,2,E 
06-11-2023,26.7,33.4,30,74,0,10.7,7,160,3,SE
07-11-2023,26.8,33.8,30.1,71,0,10.7,5,120,2,S 
08-11-2023,27,34.8,30.3,72,0,9.2,3,210,1,C 
09-11-2023,27,35,30.9,71,0,11.1,6,320,1,C 
10-11-2023,27.2,35.2,30.6,74,0,7.9,5,190,2,C 
11-11-2023,27,34,30.3,74,0,8,5,200,2,C 
12-11-2023,26.8,34.8,30.6,71,0,9,9,150,2,C 
13-11-2023,27,34.3,31,72,0,10.9,7,200,2,C 
14-11-2023,28,35,31,74,0,11.2,8,120,3,SE
15-11-2023,27.4,35,30.6,76,5.2,10.7,7,120,3,SE
16-11-2023,27.2,35.4,31,70,0,8.3,8,200,3,SE
17-11-2023,28,33.8,29.8,77,0,10.4,9,340,2,C 
18-11-2023,26.8,34.4,30.7,71,0,7.3,6,140,2,C 
19-11-2023,26.8,34,30.8,70,0,9.5,7,190,3,S 
20-11-2023,27,35,31.2,69,0,11.6,6,220,3,SE
21-11-2023,28,35,31.1,71,0,11,8,80,4,SE
22-11-2023,28.2,35.4,31.5,69,0,11.4,10,150,5,SE
23-11-2023,29.2,35.2,31.2,72,0,10.5,7,200,2,SE
24-11-2023,28.8,34.6,30.5,75,0,7.3,6,200,2,C 
25-11-2023,28,34,30,85,0,4.6,12,200,2,C 
26-11-2023,24.2,33.1,29.9,77,42.8,0.5,7,310,2,C 
27-11-2023,26.8,32,28.3,83,0,8.3,5,90,1,C 
28-11-2023,24.8,31.8,28.1,85,59,2.3,4,360,1,C 
29-11-2023,25.8,30.9,29,81,8888,0,6,120,2,SE
30-11-2023,27.2,34,29.7,79,0-,1,9,130,3,SE
01-12-2023,26,32,27.9,86,1.6,7,8,350,2,C 
02-12-2023,25.6,32.2,29.5,82,27.6,4.1,5,170,2,C 
03-12-2023,26.6,31.2,29,82,0,5.5,5,220,2,C 
04-12-2023,26.6,33.3,29.1,78,4,1.7,4,180,1,C 
05-12-2023,26,34.2,30.3,75,8888,5.6,4,150,2,C 
06-12-2023,27,33.4,28.9,82,0,11.1,6,190,2,C 
07-12-2023,26.6,33.4,29.6,80,0,7.5,8,330,2,C 
08-12-2023,25.8,32,29.2,82,5.6,7.2,5,330,1,C 
09-12-2023,26.6,31.6,28.6,85,0,2.4,5,140,1,C 
10-12-2023,26.5,31.8,27.5,88,0,0.8,10,250,2,C 
11-12-2023,25.8,32.6,29.2,80,13.5,1.2,5,200,2,C 
12-12-2023,26,35,30.3,76,0,7.4,4,200,1,C 
13-12-2023,27,31.4,28.2,87,0,10.3,5,330,1,C 
14-12-2023,26.2,33,28.6,86,6.5,2.5,6,270,1,C 
15-12-2023,26.1,33,28,86,0.6,5.4,4,340,1,C 
16-12-2023,26,32.6,29.9,79,3.4,5.4,5,180,1,C 
17-12-2023,26.8,33.5,30.3,73,0,8,6,140,2,S 
18-12-2023,26.7,33.6,29.9,74,0,7.9,6,170,2,C 
19-12-2023,26.2,33.8,29.7,73,0,8,5,140,1,C 
20-12-2023,26,33.8,29.7,72,0,10,5,220,2,C 
21-12-2023,25.8,33,29.1,80,0,10.4,5,340,1,C 
22-12-2023,25.8,33.8,30,77,14.5,9,8,250,2,C 
23-12-2023,25.4,34.4,29.8,74,0,9.8,4,300,1,C 
24-12-2023,25.6,34.4,30.1,77,0,10.8,7,120,2,C 
25-12-2023,26.4,32,27.2,89,0,9.5,4,40,1,C 
26-12-2023,24.9,33.4,29.6,78,8.3,1.4,5,200,1,C 
27-12-2023,26.8,32.6,28.9,84,0,8.8,7,350,2,C 
28-12-2023,26.4,34.4,30.3,78,4.7,3.1,5,140,1,C 
29-12-2023,27,34.2,31.1,76,0,11.2,6,180,3,SE
30-12-2023,27.8,34.2,30,78,0,10.6,6,180,2,C 
31-12-2023,25,34,30.5,79,10.2,8.4,5,140,2,C 
01-01-2024,27,31.4,27.3,91,0,10.3,8,120,1,C 
02-01-2024,25.4,34.4,30.1,81,15.2,1,5,210,1,C 
03-01-2024,26.8,32.4,28.5,85,0,9.8,5,330,1,C 
04-01-2024,25.8,33.4,29.4,81,0,2.2,5,120,1,C 
05-01-2024,26.8,33,28.9,83,0,7.9,3,160,1,C 
06-01-2024,26.5,33.4,28,86,1.5,4.6,5,230,1,C 
07-01-2024,26,30.4,26.8,91,5.3,3.2,3,60,1,C 
08-01-2024,24.8,31.9,27.9,85,21.3,0,9,310,2,C 
09-01-2024,25.5,32.6,28.1,87,30.2,6,6,50,1,C 
10-01-2024,25.8,33.2,29.9,80,25.5,5.8,4,350,2,N 
11-01-2024,26.8,34.4,29.8,79,25,8.4,8,340,3,N 
12-01-2024,26,33.4,30,78,0,9.2,7,240,2,C 
13-01-2024,27,35,30.6,76,0,7.5,7,280,2,C 
14-01-2024,27,35.2,29.3,83,0,9.6,4,240,1,C 
15-01-2024,26,31.2,28.1,88,0,1.2,6,50,2,NW
16-01-2024,26.6,32,26.8,90,8.7,0,8,360,1,C 
17-01-2024,25.2,30,27.1,90,2.2,0.8,4,340,2,NW
18-01-2024,25.6,31.8,28.1,85,2.2,0,5,330,2,C 
19-01-2024,25.8,31.6,27,87,1.3,3.6,5,300,2,C 
20-01-2024,24.8,32.8,28.8,78,70.6,0,8,260,2,NW
21-01-2024,26,33.4,28.6,79,0,2,10,320,4,N 
22-01-2024,25.8,32,29.1,81,0,7.8,13,330,5,NW
23-01-2024,26.6,31.4,28.6,84,8888,8,10,320,3,NW
24-01-2024,26.6,31.8,28.7,82,0,0.4,9,330,4,NW
25-01-2024,25.6,31.4,28.2,85,0,0,8,340,2,NW
26-01-2024,25.7,32,27.6,87,3.2,4.3,10,340,3,NW
27-01-2024,25.2,32.8,28.8,82,1.5,5,8,300,3,NW
28-01-2024,25.4,33.6,28.2,86,0.8,9.5,8,160,2,C 
29-01-2024,25.8,30.8,27.4,90,8.6,5.4,10,20,1,C 
30-01-2024,25.3,32.4,28.2,87,15,1.4,11,130,2,C 
31-01-2024,25.7,32,28.2,84,6.9,6.2,6,280,2,C 
01-02-2024,25.2,31.5,28.6,85,2.6,6.7,3,340,1,C 
02-02-2024,26,31,27.4,90,0,4.5,4,340,1,C 
03-02-2024,25,29.8,27.4,91,33.5,0.8,9,330,2,NW
04-02-2024,25.6,31.8,28.2,84,12.8,0,8,340,3,NW
05-02-2024,25.5,31.7,28.2,84,1.2,1,11,320,2,C 
06-02-2024,24.6,32.2,27.9,85,48.5,3.8,11,320,2,C 
07-02-2024,25.3,30,27.4,89,6.4,4.6,4,330,1,C 
08-02-2024,25.2,32.4,28.7,82,0,0,4,10,1,C 
09-02-2024,25.4,33,29.4,81,0,6.5,6,100,1,C 
10-02-2024,26.3,30.4,27.3,90,0.6,7.7,11,290,1,C 
11-02-2024,25.2,32.2,27.9,86,11.1,0,6,320,2,C 
12-02-2024,25,33.2,27.7,88,1.3,1,12,250,2,C 
13-02-2024,25,31,27.9,91,34.2,5.1,3,160,0,C 
14-02-2024,25.6,31.2,27.7,89,21,4.9,7,360,1,C 
15-02-2024,25.6,32.2,29,84,0,0.5,5,200,1,C 
16-02-2024,26.3,33.4,30.1,80,0,6.6,5,120,1,C 
17-02-2024,26.8,32.4,28.7,85,0,8.4,7,360,2,C 
18-02-2024,25.6,31.4,27.9,89,3.7,5.3,7,330,1,C 
19-02-2024,25.6,33.6,29.6,81,16.4,7,5,30,1,C 
20-02-2024,26.2,34,30.1,80,0,9.7,5,330,1,C 
21-02-2024,26.8,34.2,30.1,79,0,8.8,8,330,2,NW
22-02-2024,27.2,33.4,30,81,0,8.9,7,350,3,NW
23-02-2024,28,32,29.2,82,0,10.2,8,270,2,C 
24-02-2024,26,33.4,28.5,85,1.4,2.8,8,240,2,C 
25-02-2024,25.6,31.2,27.6,86,0,4.8,10,340,3,NW
26-02-2024,25.7,33.4,28.3,82,5.9,4.1,10,320,2,NW
27-02-2024,25.4,32,28.5,84,8888,5.8,3,320,1,C 
28-02-2024,25.8,31.8,28.2,88,0,5.8,4,240,1,C 
29-02-2024,25.6,32.3,28.7,83,8888,4.1,3,170,1,C 
01-03-2024,26.2,32.4,28.1,87,7.7,5,4,260,2,N 
02-03-2024,25,32.6,29,84,16.4,4.9,8,320,2,N 
03-03-2024,26.4,32.8,29.3,83,0.7,8.4,6,320,2,C 
04-03-2024,26.8,31.2,28.5,87,0.7,5.5,7,360,2,C 
05-03-2024,26,32.6,29.6,84,17.1,4,5,30,2,C 
06-03-2024,27,33.7,29.9,80,0,6.7,5,340,2,N 
07-03-2024,25,30.8,28.6,89,16,8.4,3,290,1,C 
08-03-2024,27,32.8,29,87,4.3,1,9,340,2,NW
09-03-2024,26,30.4,27,87,6.8,4.4,14,330,4,NW
10-03-2024,25,32.4,28.5,84,2,0,6,320,2,NW
11-03-2024,25,30.4,27.8,89,2,1.5,3,330,1,C 
12-03-2024,25,28.2,26.3,96,30,0,10,330,2,C 
13-03-2024,25.4,29.2,26.5,94,35.3,0,10,300,3,NW
14-03-2024,25,30.2,26.9,90,96.3,0,13,330,3,NW
15-03-2024,24.5,30.2,27.9,83,9.7,0,13,330,6,NW
16-03-2024,25.4,30.8,28.4,85,2,4.5,12,330,4,NW
17-03-2024,25.4,29.2,27.5,89,8888,2.4,8,320,3,NW
18-03-2024,24.8,30.8,27.6,87,18.6,0.6,6,330,2,NW
19-03-2024,25.4,32.4,28.8,83,8888,2.5,6,320,2,NW
20-03-2024,26.6,31.2,28.1,85,8888,8.4,4,30,1,C 
21-03-2024,26,31,28.3,86,10.2,6.1,5,340,1,C 
22-03-2024,25.6,32.8,29,83,0,8.2,3,120,1,C 
23-03-2024,26,33,29.5,80,0,8.2,7,100,2,C 
24-03-2024,26.4,34.2,29.3,81,0,10.2,5,120,1,C 
25-03-2024,25.8,31.6,28.5,85,0,8,6,220,1,C 
26-03-2024,25.5,32.9,29.4,78,0,4.4,7,200,2,SE
27-03-2024,26,32.6,29.2,79,0,8.6,4,120,1,C 
28-03-2024,26.1,33,28.4,85,0,10.9,4,260,1,C 
29-03-2024,25.4,32,29.3,83,12.4,3.5,5,50,1,C 
30-03-2024,26.4,33.2,29.5,81,0,8.6,8,150,2,SE
31-03-2024,27.1,33.4,29.9,80,0,10.5,6,210,2,C 
01-04-2024,27,33.4,29.2,82,0,9.2,6,190,1,C 
02-04-2024,26.2,33.2,29.4,84,0.5,5.6,5,130,1,C 
03-04-2024,26.8,33.8,29.8,82,8888,8.3,4,140,2,C 
04-04-2024,27,33,29.5,83,1.2,10,4,170,1,C 
05-04-2024,27,31.2,29.3,85,1.2,7,11,300,2,C 
06-04-2024,25.8,32.2,28.9,85,19,1.4,5,280,1,C 
07-04-2024,25.8,33.6,29.7,83,0,1.4,5,340,1,C 
08-04-2024,27,32.2,28.8,86,0,9.7,4,210,1,C 
09-04-2024,26,31.4,27.3,93,5.5,6.1,4,200,1,C 
10-04-2024,24.8,29.2,27.3,92,19.4,2.8,2,120,0,C 
11-04-2024,25.8,30.8,27,93,6.7,0,11,310,1,C 
12-04-2024,25.3,31.6,28.2,88,24,2.1,3,200,1,C 
13-04-2024,25.5,32.8,29.3,84,0,7.3,7,120,1,C 
14-04-2024,26,33.6,29.3,82,0,10,8,140,2,C 
15-04-2024,26,32.8,29.5,83,0,10,8,110,2,C 
16-04-2024,25.9,32.4,30,80,0,9.3,9,160,4,SE
17-04-2024,28.1,30.2,28.3,89,1,10.3,9,170,3,SE
18-04-2024,27,31.8,28.9,85,15.5,3.2,4,180,1,C 
19-04-2024,26.2,33.2,29.8,83,8888,4.2,8,100,2,SE
20-04-2024,27.1,33.4,30.1,82,0,6.7,6,130,2,SE
21-04-2024,27.4,32.8,28.8,85,1,9.5,4,130,1,C 
22-04-2024,25.7,31.8,28.8,88,8888,1.6,4,120,1,SE
23-04-2024,27,32,29.1,86,2,1,9,130,3,SE
24-04-2024,26,31.3,28.7,88,5.3,1.3,6,100,1,C 
25-04-2024,26,31.8,28.8,95,0.3,1.1,9,140,2,C 
26-04-2024,26,32.3,28.9,88,48.3,0,8,120,2,SE
27-04-2024,26.4,33.2,30.2,83,1,3.6,6,100,3,SE
28-04-2024,26.7,34,30.4,81,8888,4.6,8,140,3,SE
29-04-2024,26,32.8,29.4,83,8888,9.5,4,140,2,SE
30-04-2024,27.2,33.2,29.9,79,1.6,5.6,5,120,3,SE
01-05-2024,27.6,33.2,29.7,81,0,7.9,8,150,3,SE
02-05-2024,27.6,33.2,29.2,83,8888,9.2,5,140,3,SE
03-05-2024,26.4,33.4,29.6,79,0,8,8,110,2,SE
04-05-2024,26.2,32.9,29,79,0,8.5,8,120,2,C 
05-05-2024,25.8,33,29.4,72,0,9.5,6,180,2,S 
06-05-2024,24.6,32,28.9,77,0,9.8,5,150,2,SE
07-05-2024,24.8,32.2,29.1,79,0,5.6,5,210,2,SE
08-05-2024,26.2,32.8,29.3,81,5.3,10,5,120,2,SE
09-05-2024,26.5,32.3,28.8,82,0,9,9,110,3,SE
10-05-2024,26,32.4,29.9,80,26.7,3.8,9,140,4,SE
11-05-2024,27.8,32.8,29.8,77,0,9.4,6,110,3,SE
12-05-2024,27.2,32.6,28.9,80,0,10,9,140,2,SE
13-05-2024,24.4,32.3,28.5,82,0,8.2,5,130,2,SE
14-05-2024,25,32.6,28.5,79,0,8.9,8,130,2,C 
15-05-2024,24,31.4,28.5,78,0,10.5,5,150,2,SE
16-05-2024,25.2,33,29.9,75,0,10,7,160,3,E 
17-05-2024,26.5,33.3,29.4,79,0,10.3,9,160,3,SE
18-05-2024,25.8,32.6,29.1,77,1.8,9.6,8,150,3,SE
19-05-2024,27.2,35,29.5,73,0,6,8,160,3,SE
20-05-2024,24.6,32.8,29.2,76,2,10.1,5,140,3,SE
21-05-2024,26.6,35,29.5,75,1.4,8.4,5,150,3,SE
22-05-2024,26.5,32,28.8,81,0,9.4,6,160,3,SE
23-05-2024,26.4,33,29.1,80,0,9.4,6,180,2,SE
24-05-2024,26.5,32.8,29.6,81,0,9.8,7,120,3,SE
25-05-2024,25.3,32.2,29.5,80,0,7.8,7,180,3,SE
26-05-2024,27,32.8,29.7,75,0,7.8,7,170,3,S 
27-05-2024,25.2,33.1,29.3,81,0,10,5,150,2,SE
28-05-2024,26.9,34,29.4,78,0,10,5,110,2,C 
29-05-2024,26.2,32.4,29.7,80,0,9.8,6,100,2,SE
30-05-2024,26.2,32.8,29.7,80,0,10.2,6,140,3,SE
31-05-2024,27,33.8,30,78,0,9.6,6,120,3,SE
01-06-2024,27.6,33.8,30,78,0,9.5,3,120,1,C 
02-06-2024,26.6,32.6,29.4,82,2,10,7,60,1,C 
03-06-2024,25.5,32.6,29.1,79,0,9,6,160,1,C 
04-06-2024,25.6,32.6,28.8,79,19,8.2,5,210,0,C 
05-06-2024,25,32,29,77,0,4,5,140,1,C 
06-06-2024,24,32.4,28.9,78,0,5.2,6,130,1,C 
07-06-2024,26.5,31.8,28.9,79,0,10.2,8,110,1,C 
08-06-2024,26.2,32,28.8,82,0.6,3.1,4,120,1,C 
09-06-2024,26.9,32,29,82,0.6,5.5,8,150,2,C 
10-06-2024,25.2,32.4,29.3,80,1.4,6.4,5,120,1,C 
11-06-2024,25.6,32.4,29,80,0,10.2,5,130,2,SE
12-06-2024,26.9,32.4,28.9,76,8888,8,5,170,1,C 
13-06-2024,26,32.8,28.4,80,0,8.3,4,170,0,C 
14-06-2024,25.6,32,28.5,83,0,7,4,120,1,C 
15-06-2024,26,32.6,28.6,84,4.8,4.5,5,130,2,SE
16-06-2024,26.9,31.4,28.8,79,0.6,4.5,6,150,3,SE
17-06-2024,24.8,30.8,28,80,1.6,9.8,6,140,2,SE
18-06-2024,25.8,32.2,28.3,70,2.3,1.9,10,150,4,SE
19-06-2024,25.6,30.2,27.9,73,0,9.7,6,160,3,SE
20-06-2024,26.4,31,27.5,72,0,10.2,6,130,3,SE
21-06-2024,24.6,30.6,27.7,72,0,9.2,9,150,3,SE
22-06-2024,25,31.9,28.8,71,0,10.1,7,140,2,C 
23-06-2024,27.4,30.8,28.3,79,0,10,7,150,3,SE
24-06-2024,26.5,31.4,26.9,85,3.9,1.8,3,140,1,C 
25-06-2024,25,32,28.5,77,2,1.7,5,130,2,SE
26-06-2024,25.8,31.1,28.1,81,0,10.8,5,140,2,SE
27-06-2024,25.4,32,29,82,0,4.6,8,140,2,C 
28-06-2024,26.6,32.4,29.2,80,0,9.7,7,130,2,SE
29-06-2024,27.1,32.3,29.3,78,0,10.2,5,170,3,SE
30-06-2024,27.8,31.6,28.6,75,0,9,6,150,2,C 
01-07-2024,24.8,31.4,28.7,76,0,6.8,6,160,2,C 
02-07-2024,26.2,31.8,28.4,81,0,8,3,220,1,C 
03-07-2024,26,28.9,27.6,85,0,3.7,6,130,3,SE
04-07-2024,26.6,31.2,28.4,78,2.5,0,6,140,3,SE
05-07-2024,26,31.8,28.6,74,0,1.2,9,150,4,SE
06-07-2024,26,31.8,28.1,77,0,9.7,7,90,2,C 
07-07-2024,24.6,34.2,28.5,74,0,8.5,7,120,2,C 
08-07-2024,24,31.8,27,75,0,8,6,120,2,N
09-07-2024,23.2,32,26.5,85,0,8,4,120,1,N
10-07-2024,25.5,31.4,28,81,0,8,6,150,4,SE
11-07-2024,26.4,31.3,28.5,68,0,8,6,150,3,SE
12-07-2024,25.5,31.6,28.8,64,0,8,9,150,3,SE
13-07-2024,22.9,30.4,28,65,0,8,7,150,3,SE
14-07-2024,23.8,31.1,28.3,62,0,8,11,140,4,SE
15-07-2024,23,31,28.1,66,0,8,9,170,3,S
16-07-2024,25,31.4,27.7,71,0,8,9,160,4,SE
17-07-2024,25.8,31.6,27.9,76,0,8,8,140,4,SE
18-07-2024,26.4,32,28.2,74,0,8,6,160,3,SE
19-07-2024,26,31.2,28.4,74,0,8,9,130,4,SE
20-07-2024,24.2,31.4,27.2,76,0.5,8,7,150,4,SE
21-07-2024,25.6,31.6,28,71,0,8,7,170,3,SE
22-07-2024,24.8,32,27.5,78,0,8,7,180,2,N
23-07-2024,24.4,31.8,27.2,81,0,8,8,200,2,N
24-07-2024,24.8,31.2,28.2,76,0,8,5,190,2,N
25-07-2024,25.6,31.8,28.1,75,0,8,7,160,3,SE
26-07-2024,25.6,31.8,28.1,76,0,8,9,120,2,N
27-07-2024,25.4,32.2,28.2,76,0,8,6,140,3,SE
28-07-2024,26,32.4,28.7,76,0,8,8,150,2,N
29-07-2024,25.2,31.6,28,78,0,8,8,180,2,SE
30-07-2024,26,32.8,29,76,0,8,9,100,4,SE
31-07-2024,26.6,31.3,28.7,82,0,8,6,160,3,SE
01-08-2024,25.5,30.8,28.1,90,9.1,7,6,160,3,SE
02-08-2024,26,32.2,29,80,2.1,5.3,10,120,3,SE
03-08-2024,25.6,30.9,28.2,81,0.6,8,6,200,3,SE
04-08-2024,24.8,31.8,28.1,80,0,8,8,150,3,SE
05-08-2024,24,31.4,27.1,76,0,8,5,180,2,SE
06-08-2024,24.8,31.4,27.5,76,0,8,7,130,4,SE
07-08-2024,26.9,32.8,29.1,75,0,8,6,160,3,SE
08-08-2024,26.6,31.9,28.9,75,0,8,8,130,4,SE
09-08-2024,26.5,32,29.1,73,0.5,8,9,170,3,SE
10-08-2024,26.4,31.6,28.7,73,0,8,7,170,4,SE
11-08-2024,24.6,31.2,27.8,64,0,8,10,150,5,SE
12-08-2024,24.2,30.6,27.5,65,0,8,5,180,3,SE
13-08-2024,24.4,32.6,28,76,0,8,9,140,4,SE
14-08-2024,26.2,31.8,28.9,73,0,8,8,140,4,SE
15-08-2024,25,32.4,28.1,67,0,8,7,150,3,SE
16-08-2024,23.7,31.8,27.3,77,0,8,8,130,3,SE
17-08-2024,24.8,31.2,28.3,73,0,8,5,170,3,SE
18-08-2024,25.8,31.8,28.3,79,0,8,8,110,3,SE
19-08-2024,23.4,31.8,27.6,77,0,8,9,140,3,SE
20-08-2024,25.8,31.8,28,68,0,8,6,200,3,SE
21-08-2024,25.2,31.8,28.3,74,0,8,5,120,3,SE
22-08-2024,25.3,32.4,28.5,76,0,8,5,180,2,N
23-08-2024,24.6,32.4,28.1,76,0,7.9,8,180,3,SE
24-08-2024,24.2,32.6,27.9,77,0,8,7,170,4,SE
25-08-2024,26.4,32,28.9,71,0,8,9,150,4,S
26-08-2024,25.5,33.2,29.1,70,0,8,8,120,3,S
27-08-2024,24.2,32.6,27.9,75,0,8,7,140,4,S
28-08-2024,27,32.1,29,66,0,8,7,150,3,SE
29-08-2024,24.8,32.8,28.4,78,0,2.8,5,200,3,SE
30-08-2024,25.6,32,28.9,66,0,8,8,180,2,N
31-08-2024,24.8,32.4,28.1,78,0,8,5,100,2,SE
01-09-2024,25.4,32.8,28.6,79,0,8,10,120,3,SE
02-09-2024,25.2,33.8,28.7,77,0,8,6,140,3,SE
03-09-2024,26.2,33.6,28.9,72,0,8,7,140,4,S
04-09-2024,26.9,33.3,29.9,74,0,8,8,130,4,SE
05-09-2024,25.8,34.2,29.7,75,0,8,6,110,3,SE
06-09-2024,26.4,32.8,29.7,72,0,8,10,140,5,SE
07-09-2024,26.8,33.6,29.7,73,0,8,8,120,5,SE
08-09-2024,28,33.3,29.6,78,8888,8,11,150,3,SE
09-09-2024,25.8,33.8,29.9,75,8888,8,7,120,2,N
10-09-2024,26.7,33.6,29.7,77,0,8,6,200,3,SE
11-09-2024,26.8,33.2,29.2,78,0,8,6,120,4,SE
12-09-2024,27.8,33.6,29.8,68,0,8,7,130,4,SE
13-09-2024,27.5,33,29.8,63,0,8,7,180,4,SE
14-09-2024,27.2,33.8,30.1,63,0,8,6,120,3,SE
15-09-2024,27.6,34,30.1,61,0,8,9,120,3,SE
16-09-2024,26.2,32.6,28.4,71,0,8,5,130,3,SE
17-09-2024,25.6,33.1,29.4,60,0,8,6,180,3,SE
18-09-2024,24.8,31.2,28.2,70,0,8,6,160,2,S
19-09-2024,23.8,32.4,27.9,75,0,8,6,180,3,SE
20-09-2024,25.2,32.6,29.6,73,0,8,9,120,3,SE
21-09-2024,25.8,32.8,29.4,77,0,8,8,100,3,SE
22-09-2024,26.8,33.4,29.9,79,0,8,9,120,4,SE
23-09-2024,27.2,34.8,30.4,75,0,8,6,100,2,N
24-09-2024,25.2,34.2,29.6,81,0,8,6,120,3,SE
25-09-2024,27,33.2,30.2,74,0,8,6,120,2,SE
26-09-2024,26.6,34,30.3,77,0,7.8,8,120,3,SE
27-09-2024,27.4,34.2,30.5,75,0,8,5,140,3,SE
28-09-2024,27.6,34.4,30.7,74,0,8,7,120,4,SE
29-09-2024,27.8,34.8,30.7,69,0,8,10,110,4,SE
30-09-2024,28.4,35,31.1,68,0,8,12,120,3,SE
01-10-2024,28,34.2,30.6,74,0,8,6,150,3,SE
02-10-2024,26.8,33.9,30.5,73,0,8,5,120,2,SE
03-10-2024,26.5,33.2,30.4,68,0,8,9,150,4,SE
04-10-2024,27,34.4,31,66,0,8,5,170,3,SE
05-10-2024,27.6,34.6,30.8,72,0,8,7,180,3,SE
06-10-2024,27,34.8,29.6,77,0,8,12,130,5,SE
07-10-2024,28,34.6,30.7,67,0,8,7,140,3,SE
08-10-2024,26.2,34.8,30.7,71,0,8,7,180,4,SE
09-10-2024,27.8,33.7,30.7,67,0,8,6,140,3,SE
10-10-2024,27.4,34.4,30.9,67,0,8,10,120,4,SE
11-10-2024,27.6,33.6,30.8,69,0,8,8,150,3,SE
12-10-2024,28.6,34.4,31.7,68,0,8,5,110,3,SE
13-10-2024,28,35.1,31.2,71,0,8,9,120,3,SE
14-10-2024,28.8,34.6,31,71,0,8,5,120,3,SE
15-10-2024,27.6,33.6,31,71,0,8,4,160,2,S
16-10-2024,26.8,34.8,31,60,0,8,10,180,3,S
17-10-2024,26.7,33.4,30.9,60,0,8,8,170,2,N
18-10-2024,26,34.8,30.7,66,0,8,5,130,2,SE
19-10-2024,26,34.8,30.6,72,0,8,8,120,3,SE
20-10-2024,27.7,33.8,30.7,74,0,8,8,140,2,S
21-10-2024,26,34.3,29.8,72,0,7.6,10,20,1,C
22-10-2024,26.6,33.8,30.3,72,0,8,9,180,2,C
23-10-2024,24.6,34,30.5,72,0,8,6,190,2,S
24-10-2024,26.3,34.6,31.2,72,0,8,6,200,2,S
25-10-2024,26.8,35,30.9,73,0,8,6,250,2,S
26-10-2024,27,34.8,31,69,0,8,4,150,1,C
27-10-2024,27,35,30.9,74,0,8,7,180,3,S
28-10-2024,26.8,35.4,31.3,70,0,8,8,120,3,SE
29-10-2024,27.4,34.8,31,75,0,8,6,220,4,S
30-10-2024,29.6,35.2,32.1,63,0,8,6,200,3,SE
31-10-2024,28.4,35.6,31.6,72,0,8,9,120,3,SE
01-11-2024,25,32.2,27.9,88,14.3,8,4,120,1,C
02-11-2024,25,33.2,28.7,87,6.3,0.2,4,190,1,C
03-11-2024,26,33.8,28.6,87,19.6,0,10,300,2,C
04-11-2024,25.6,33.2,29.6,80,4.5,7,4,180,1,C
05-11-2024,25.8,33.5,30.3,78,0,8,5,120,2,SE
06-11-2024,27.1,33.8,31,68,0,8,8,180,2,C
07-11-2024,25.5,33.8,30,77,0,8,8,130,2,C
08-11-2024,26.6,33,30.8,77,0,8,4,170,2,SE
09-11-2024,28.6,35.8,31.3,73,0,8,5,200,2,S
10-11-2024,28.4,33.6,30,79,0,8,10,180,1,C
11-11-2024,26.6,35,30.5,75,0,6.7,7,130,2,C
12-11-2024,26.4,33.6,29.6,81,0,8,8,80,1,C
13-11-2024,26.4,33.8,29.9,80,14.4,7.2,5,150,2,C
14-11-2024,26.4,35.2,30.3,79,0,8,8,160,4,SE
15-11-2024,28.4,35,31.7,70,0,8,7,120,2,C
16-11-2024,27,34.8,30.4,80,8888,8,5,140,1,C
17-11-2024,26.8,34,30.4,79,8888,8,8,130,1,C
18-11-2024,26.8,32,29.7,82,0,8,3,190,0,C
19-11-2024,24.6,33.5,28.8,84,54.5,5.3,7,120,2,C
20-11-2024,25.7,32,29.9,83,0,7.8,8,200,1,C
21-11-2024,26.1,34,29.5,85,0,6.4,8,150,1,C
22-11-2024,26.4,33.4,30.3,80,0,6.7,4,120,1,C
23-11-2024,27.2,33,30.4,79,0,8,6,160,1,C
24-11-2024,26.8,32.6,29.5,85,0,7.8,4,330,1,C
25-11-2024,26,32.6,28.7,88,31.1,3.3,5,320,1,C
26-11-2024,26.2,33,29.6,83,9.5,2.7,5,340,1,C
27-11-2024,27.4,33.6,29.3,86,8888,4.9,9,60,2,C
28-11-2024,25.7,32.7,29.2,84,38.7,5,7,330,2,C
29-11-2024,26,32.2,28.5,88,4.1,7.5,6,90,1,C
30-11-2024,26,33.8,29.5,82,1.5,2.2,4,290,2,C
01-12-2024,26.8,30.2,27.6,92,6.4,8,7,100,1,C
02-12-2024,24.6,31.2,26.7,94,5.5,0.2,3,300,1,C
03-12-2024,25,32.4,29.5,82,61.5,2.3,4,310,1,C
04-12-2024,26.4,31.4,28.9,85,1.5,7.6,4,290,1,C
05-12-2024,26.4,32.8,28.5,88,2.6,1.1,9,310,3,C
06-12-2024,25,28.2,25.6,98,77,1.7,6,310,2,NW
07-12-2024,23.8,31.4,28.1,83,12.1,0,5,330,2,NW
08-12-2024,27,33.4,29.7,80,8888,4.5,11,330,4,NW
09-12-2024,27,33,29,80,1,4.9,7,310,2,C
10-12-2024,25.4,31.8,28,87,4.4,0.1,6,200,2,C
11-12-2024,25.2,31,27.3,89,30.3,4.7,5,310,1,C
12-12-2024,25.4,31.6,26.4,97,21.4,3.2,9,330,1,C
13-12-2024,25.4,32,28.1,87,65.7,1,4,120,1,C
14-12-2024,25.6,31,26.4,91,0.3,2.2,9,280,2,C
15-12-2024,25.4,30.7,27.1,91,18.2,0.5,10,280,2,C
16-12-2024,24.4,29,26.7,93,27.5,0,8,290,2,C
17-12-2024,25.8,32.8,28.3,87,1.1,0,8,300,2,C
18-12-2024,26,31.4,28.3,86,8888,3.2,6,150,1,C
19-12-2024,25.8,34,29.2,82,0,2.9,10,300,4,NW
20-12-2024,27.8,34.2,30.3,73,0,2.9,12,300,3,NW
21-12-2024,27.6,32.6,28.7,83,0,8,6,290,2,C
22-12-2024,26,33,27.6,89,6.1,0,9,150,2,C
23-12-2024,24.6,33,28.8,82,7,2.3,5,300,2,C
24-12-2024,25.1,32.2,29,82,11.3,8,5,310,2,NW
25-12-2024,25.6,29,26.5,92,0,7.4,6,310,1,C
26-12-2024,24.8,31.2,27.7,88,50.3,0,4,180,1,C
27-12-2024,25.4,33.5,29.5,80,0,0.5,7,310,2,NW
28-12-2024,27.1,33.4,28.5,83,0,8,6,350,3,NW
29-12-2024,25.8,32.4,28.5,81,13.1,0.7,8,250,2,C
30-12-2024,25.9,32.9,28.4,80,8888,1.8,5,320,2,NW
31-12-2024,25.8,30.8,28.1,84,8888,3.3,8,290,3,NW
